조사지역,조사기관,1위 후보,1위 지지율(%),2위 후보,2위 지지율(%),격차(%p),링크,제목,본문내용
경기 광주시장,이너텍,박관열,44.9,방세환,41.6,3.3,https://gall.dcinside.com/mgallery/board/view/?id=minjudang&no=5085055&exception_mode=recommend&search_head=100&page=1,이너텍 : 경기 광주시장 박관열 44.9% 방세환 41.6%,"※ 이번 여론조사는 전국매일신문이 여론조사 전문기관 ㈜이너텍시스템즈에 의뢰해 지난 14~15일 이틀간 광주시에 거주하는 만 18세 이상 남녀 701명을 대상으로 실시했다. ARS 여론조사 시스템을 이용한 전화조사 방식으로 진행됐으며, 무선 가상번호 80%, 유선 RDD 20%를 활용했다. 표본오차는 95% 신뢰수준에서 ±3.7%포인트이며 응답률은 2.6%다. 2026년 4월 행정안전부 주민등록 인구 기준 성별·연령별·지역별 가중치(셀가중)를 적용했다. 기타 자세한 내용은 중앙선거여론조사심의위원회 홈페이지를 참조하면 된다."
장흥군수,코리아정보리서치,김성,46.7,사순문,45.1,1.6,https://gall.dcinside.com/mgallery/board/view/?id=minjudang&no=5082536&exception_mode=recommend&search_head=100&page=1,"코리아정보리서치: 장흥군수, 김성 46.7% 사순문 45.1%","○ 장흥군수 지지도 민주 김성 46.7% 조국 사순문 45.1% ○ 연령별 지지도 20대, 사순문 47.9% 김성 38.2% 30대, 김성 48.9% 사순문 42.2% 40대, 김성 53% 사순문 39.5% 50대, 김성 50% 사순문 39.5% ○장흥군 정당지지율 민주 68.3% 조혁 16.3% - dc official App"
전남 함평군수,KSOI,이남오,46.6,이윤행,44.4,2.2,https://gall.dcinside.com/mgallery/board/view/?id=minjudang&no=5082341&exception_mode=recommend&search_head=100&page=1,KSOI : 전남 함평군수 이남오 46.6% 이윤행 44.4%,"<프레시안>이 여론조사 전문업체 한국사회여론연구소(KSOI)에 의뢰해 지난 14~15일 전남 함평군 거주 만 18세 이상 남녀 505명에게 함평군수 후보 지지 여부를 물은 결과 민주당 이남오 후보가 46.6%를 기록했고, 조국혁신당 이윤행 후보가 44.4%를 기록했다. 두 후보 지지율 격차는 2.2%로 오차범위 안이다.이어 무소속 이행섭 후보는 3.3%였고, '그 외 인물' 0.9%, '없음' 1.5%, '잘 모름' 3.4%였다.정당지지도는 민주당이 63.7%, 조국혁신당이 18.5%, 국민의힘이 3.0%, 개혁신당이 4.1%, 진보당이 3.8%, '그외 정당/무소속'이 3.8%, '없음'이 1.2%, '잘 모름'이 1.9%였다.조사개요조사방법 : 구조화된 설문지를 이용한 자동응답(ARS)조사모집단 : 전남 함평군 거주 만 18세 이상 남녀표본수 : 505명피조사자선정방법 : 무선 ARS 자동응답 조사 (무선 100%) - 통신사 제공 휴대전화 가상번호 활용표본오차 : 95% 신뢰수준에서 ± 4.4%p응답률 : 14.8%가중값 산출 및 적용 : 성, 연령, 지역별 가중치 부여(셀가중) - 2026년 4월말 행정안전부 주민등록 인구 기준조사기간 : 2026년 5월 14일~ 5월 15일조사기관 : 한국사회여론연구소(KSOI)자세한 사항은 중앙선거여론조사심의위원회 홈페이지 참조."
강원 횡성군수,유앤미,장신상,39.2,임광식,32.7,6.5,https://gall.dcinside.com/mgallery/board/view/?id=minjudang&no=5081559&exception_mode=recommend&search_head=100&page=1,유앤미 : 강원 횡성군수 장신상 39.2 임광식 32.7 김명기 24.5,여론조사개요는 첨부된 사진에서 확인바람이상 자세한 사항은 중앙선거여론조사심의위원회 홈페이지 참조
경북 안동시장,리얼미터,권기창,49.2,이삼걸,38.1,11.1,https://gall.dcinside.com/mgallery/board/view/?id=minjudang&no=5083920&exception_mode=recommend&search_head=100&page=1,리얼미터 : 경북 안동시장 이삼걸 38.1% 권기창 49.2%,"<오마이뉴스>가 여론조사 전문기관인 리얼미터에 의뢰해 지난 14일과 15일 양일간 안동에 거주하는 만18세 이상 성인 남녀 502명을 대상으로 한 조사 결과 권기창 후보가 49.2%를 기록해 이삼걸 후보(38.1%)와 11.1%P 격차를 보였다. 권 후보에 대한 지지는 70세 이상(57.9%)에서 두드러졌고, 이 후보에 대한 지지는 50대 이하 연령층과 남성(43.5%), 민주당 지지층(81.9%)에서 상대적으로 높았다. '기타 인물'은 4.4%, '없음'과 '모름'은 각각 4.1%와 4.2%로 조사됐다.그러나 이번 조사에서 나타난 정당 지지도가 국민의힘 55.0%, 민주당 29.0%인 점을 감안하면 민주당 이삼걸 후보가 정당 지지율을 뛰어넘는 경쟁력을 드러냈다고 볼 수 있다. 이 후보는 행정안전부 차관출신으로 2014년에는 무소속으로, 2018년에는 민주당으로 안동시장에 출마해 낙선한 바 있다.(중략)지지 정당을 묻는 질문에 국민의힘을 지지한다는 응답이 55.0%를 기록했고, 민주당(29.0%), 조국혁신당(2.7%), 개혁신당(2.2%), 진보당(1.1%) 등의 순이었다. 그 외 기타정당(2.0%), '없음'과 '잘 모름'은 각각 6.5%와 1.6%로 조사됐다.응답자 연령대별로는 70세 이상(69.7%)에서 국민의힘을 지지한다는 응답이 상대적으로 높았고, 민주당을 지지한다는 응답은 30대(38.8%)와 50대(38.6%)에서 상대적으로 높게 나왔다.이어 투표 의향을 묻는 설문에 89.0%가 '투표하겠다'고 답했고 그중 '반드시 투표하겠다'는 적극층이 62.4%로 나타나 전반적으로 투표 의지와 선거에 대한 관심도가 높은 것으로 조사됐다. 반면 '투표할 생각이 없다'는 응답은 9.9%, '잘 모름'은 1.1%였다.이번 조사는 구조화된 설문지를 이용한 전화자동응답(ARS) 방식으로 진행됐으며, 휴대전화 가상번호 100%를 사용했다. 응답률은 10.8%다. 2026년 4월 말 행정안전부 주민등록 인구통계를 기준으로 성별·연령별·권역별 가중값(림가중)을 부여했으며, 표본오차는 95% 신뢰수준에 ±4.4%포인트다. 자세한 내용은 중앙선거여론조사심의위원회 누리집을 참조하면 된다."
평택을 오차범위 접전,KBS 여조 종합,하남갑이광재,42.0,이용,31.0,11.0,https://gall.dcinside.com/mgallery/board/view/?id=minjudang&no=5081272&exception_mode=recommend&search_head=100&page=1,KBS 여조 종합: 평택을 오차범위 접전 하남갑이광재42% 이용31%,- dc official App
부산,KBS 여론조사 종합,전재수,42.0,박형준,33.0,9.0,https://gall.dcinside.com/mgallery/board/view/?id=minjudang&no=5081262&exception_mode=recommend&search_head=100&page=1,KBS 여론조사 종합 : 부산 전재수 42% 박형준 33% 부동층 22%,- dc official App
,KBS여론조사 종합,정원오,43.0,오세훈,32.0,11.0,https://gall.dcinside.com/mgallery/board/view/?id=minjudang&no=5081253&exception_mode=recommend&search_head=100&page=1,KBS여론조사 종합 : 정원오 43% 오세훈 32% … 강남3구 접전,< 조사개요①>조사 의뢰 / KBS조사 기관 / (주)한국리서치조사 일시 / 2026년 5월 11일~14일 (4일간)조사 대상 / 서울·부산 거주 만 18세 이상 남녀조사 방법 / 전화 면접 조사피조사자 선정방법 / 성·연령·지역으로 층화된 가상번호 내 무작위추출표본 수 / 서울·부산 각 800명응답률 / 서울 13.6% 부산 19.2%가중치 부여 방식 / 지역별·성별·연령별 가중치 부여셀가중 / 2026년 4월 말 행정안전부 발표 주민등록 인구 기준표본 오차 / 서울·부산 ±3.5%p (95% 신뢰수준)자세한 내용은 중앙선거여론조사심의위원회 또는 KBS 홈페이지에서 보실 수 있습니다.- dc official App
강원 춘천시장,한국리서치,육동한,50.7,정광열,25.0,25.7,https://gall.dcinside.com/mgallery/board/view/?id=minjudang&no=5080573&exception_mode=recommend&search_head=100&page=1,한국리서치 : 강원 춘천시장 육동한 50.7% 정광열 25%,"[KBS춘천 지방선거 여론조사(2차)] - 춘천·원주·강릉시장 선거 - ①조사의뢰: KBS춘천방송총국 ②조사기관: (주)한국리서치 ③조사일자: 2026.5.11~14(4일간) ④조사지역: -춘천:1권역(강남동 등), 2권역(동면 등) -원주:1권역(귀래면 등), 2권역(개운동 등) -강릉:1권역(강남동 등), 2권역(경포동 등) ⑤조사대상: 만 18살 이상 남녀 ⑥표본크기: 춘천·원주·강릉 각 600명 ⑦조사방법: 면접원에 의한 전화면접조사 ⑧피조사자 선정방법: 3개 통신사 제공 휴대전화 가상번호 100% 무작위 추출 ⑨가중치: 성·연령·지역별 가중치 (2026년 4월 말 행정안전부 주민등록인구) ⑩응답률: -춘천 22.6% -원주 20.8% -강릉 23.5% ⑪표본오차:신뢰수준 95%, 오차범위 ±4.0% ⑫질문내용: 춘천·원주·강릉시장 후보 지지도 등 ⑬기타 자세한 사항은 중앙선거여론조사심의위·KBS 홈페이지 참조[KBS춘천 춘천시민 지방선거 여론조사(1차)]의뢰: KBS춘천조사: (주)한국리서치기간: 4.30-5.1방법: 전화면접기타 중앙선거여론조사심의위 참조"
강원 강릉시장,한국리서치,김중남,42.0,김홍규,29.2,12.8,https://gall.dcinside.com/mgallery/board/view/?id=minjudang&no=5080591&exception_mode=recommend&search_head=100&page=1,한국리서치 : 강원 강릉시장 김중남 42% 김홍규 29.2%,"[KBS춘천 지방선거 여론조사(2차)]- 춘천·원주·강릉시장 선거 - ①조사의뢰: KBS춘천방송총국 ②조사기관: (주)한국리서치 ③조사일자: 2026.5.11~14(4일간) ④조사지역: -춘천:1권역(강남동 등), 2권역(동면 등) -원주:1권역(귀래면 등), 2권역(개운동 등) -강릉:1권역(강남동 등), 2권역(경포동 등) ⑤조사대상: 만 18살 이상 남녀 ⑥표본크기: 춘천·원주·강릉 각 600명 ⑦조사방법: 면접원에 의한 전화면접조사 ⑧피조사자 선정방법: 3개 통신사 제공 휴대전화 가상번호 100% 무작위 추출 ⑨가중치: 성·연령·지역별 가중치 (2026년 4월 말 행정안전부 주민등록인구) ⑩응답률: -춘천 22.6% -원주 20.8% -강릉 23.5% ⑪표본오차:신뢰수준 95%, 오차범위 ±4.0% ⑫질문내용: 춘천·원주·강릉시장 후보 지지도 등 ⑬기타 자세한 사항은 중앙선거여론조사심의위·KBS 홈페이지 참조 [KBS춘천 강릉시민 지방선거 여론조사(1차)] 의뢰: KBS춘천 조사: (주)한국리서치 기간: 5.1~5.2 방법: 전화면접 기타 중앙선거여론조사심의위 참조"
강원 원주시장,한국리서치,구자열,46.4,원강수,25.7,20.7,https://gall.dcinside.com/mgallery/board/view/?id=minjudang&no=5080582&exception_mode=recommend&search_head=100&page=1,한국리서치 : 강원 원주시장 구자열 46.4% 원강수 25.7%,"[KBS춘천 지방선거 여론조사(2차)]- 춘천·원주·강릉시장 선거 - ①조사의뢰: KBS춘천방송총국 ②조사기관: (주)한국리서치 ③조사일자: 2026.5.11~14(4일간) ④조사지역: -춘천:1권역(강남동 등), 2권역(동면 등) -원주:1권역(귀래면 등), 2권역(개운동 등) -강릉:1권역(강남동 등), 2권역(경포동 등) ⑤조사대상: 만 18살 이상 남녀 ⑥표본크기: 춘천·원주·강릉 각 600명 ⑦조사방법: 면접원에 의한 전화면접조사 ⑧피조사자 선정방법: 3개 통신사 제공 휴대전화 가상번호 100% 무작위 추출 ⑨가중치: 성·연령·지역별 가중치 (2026년 4월 말 행정안전부 주민등록인구) ⑩응답률: -춘천 22.6% -원주 20.8% -강릉 23.5% ⑪표본오차:신뢰수준 95%, 오차범위 ±4.0% ⑫질문내용: 춘천·원주·강릉시장 후보 지지도 등 ⑬기타 자세한 사항은 중앙선거여론조사심의위·KBS 홈페이지 참조 [KBS춘천 원주시민 지방선거 여론조사(1차)] 의뢰: KBS춘천 조사: (주)한국리서치 기간: 5.1-5.2 방법: 전화면접 기타 중앙선거여론조사심의위 참조"
부산시장 적극투표층,한국리서치,전재수,50.0,박형준,35.0,15.0,https://gall.dcinside.com/mgallery/board/view/?id=minjudang&no=5080556&exception_mode=recommend&search_head=100&page=1,한국리서치 : 부산시장 적극투표층 전재수 50% 박형준 35%,< 조사개요①> 조사 의뢰 / KBS 조사 기관 / (주)한국리서치 조사 일시 / 2026년 5월 11일~14일 (4일간) 조사 대상 / 서울·부산 거주 만 18세 이상 남녀 조사 방법 / 전화 면접 조사 피조사자 선정방법 / 성·연령·지역으로 층화된 가상번호 내 무작위추출 표본 수 / 서울·부산 각 800명 응답률 / 서울 13.6% 부산 19.2% 가중치 부여 방식 / 지역별·성별·연령별 가중치 부여 셀가중 / 2026년 4월 말 행정안전부 발표 주민등록 인구 기준 표본 오차 / 서울·부산 ±3.5%p (95% 신뢰수준) 자세한 내용은 중앙선거여론조사심의위원회 또는 KBS 홈페이지에서 보실 수 있습니다.
하남갑,한국리서치,이광재,42.0,이용,31.0,11.0,https://gall.dcinside.com/mgallery/board/view/?id=minjudang&no=5080439&exception_mode=recommend&search_head=100&page=1,한국리서치 : 하남갑 이광재 42% 이용 31%,"여야 전직 의원이 맞붙은 경기 하남갑에선 민주당 이광재 후보 42%, 국민의힘 이용 후보 31%로 11%p 격차를 보이면서 이광재 후보가 오차범위(±4.4%p) 밖에서 앞선 것으로 조사됐습니다.지난 12일 경기 하남갑 보궐선거 출마 선언을 한 개혁신당 김성열 후보는 이번 조사엔 포함되지 못했습니다.<조사개요②>조사 의뢰 / KBS조사 기관 / (주)한국리서치조사 일시 / 2026년 5월 11일~14일 (4일간)조사 대상 / 경기 평택을·경기 하남갑 거주 만 18세 이상 남녀조사 방법 / 전화 면접 조사피조사자 선정방법 / 성·연령·지역으로 층화된 가상번호 내 무작위추출표본 수 / 경기 평택을·경기 하남갑 각 500명응답률 / 경기 평택을 20.0% 경기 하남갑 16.5%가중치 부여 방식 / 지역별·성별·연령별 가중치 부여셀가중 / 2026년 4월 말 행정안전부 발표 주민등록 인구 기준표본 오차 / 경기 평택을·경기 하남갑 ±4.4%p (95% 신뢰수준)자세한 내용은 중앙선거여론조사심의위원회 또는 KBS 홈페이지에서 보실 수 있습니다."
평택을,한국리서치,김용남,24.0,조국,22.0,2.0,https://gall.dcinside.com/mgallery/board/view/?id=minjudang&no=5080434&exception_mode=recommend&search_head=100&page=1,한국리서치 : 평택을 김용남 24% 조국 22% 유의동 18%,"경기 평택을 국회의원 재선거에선 더불어민주당 김용남, 국민의힘 유의동, 조국혁신당 조국 후보 등 세 후보가 오차 범위(±4.4%p) 내에서 치열한 접전 중인 것으로 나타났습니다. 민주당 김용남 후보 24%, 국민의힘 유의동 후보 18%, 조국혁신당 조국 후보 22%로 각각 조사됐습니다.여기에 진보당 김재연 후보가 4%, 자유와혁신 황교안 후보가 7% 지지율을 보여, 진보·보수 진영의 단일화 여부가 이번 평택을 재선거의 최대 변수가 될 전망입니다.<조사개요②>조사 의뢰 / KBS조사 기관 / (주)한국리서치조사 일시 / 2026년 5월 11일~14일 (4일간)조사 대상 / 경기 평택을·경기 하남갑 거주 만 18세 이상 남녀조사 방법 / 전화 면접 조사피조사자 선정방법 / 성·연령·지역으로 층화된 가상번호 내 무작위추출표본 수 / 경기 평택을·경기 하남갑 각 500명응답률 / 경기 평택을 20.0% 경기 하남갑 16.5%가중치 부여 방식 / 지역별·성별·연령별 가중치 부여셀가중 / 2026년 4월 말 행정안전부 발표 주민등록 인구 기준표본 오차 / 경기 평택을·경기 하남갑 ±4.4%p (95% 신뢰수준)자세한 내용은 중앙선거여론조사심의위원회 또는 KBS 홈페이지에서 보실 수 있습니다.p.s 그래프 내가 이상하게 만든거 아니니 오해마시길p.s2 권영국->황교안으로 된 그래픽 수정본 올라온걸로 수정함."
서울시장,한국리서치,정원오,43.0,오세훈,32.0,11.0,https://gall.dcinside.com/mgallery/board/view/?id=minjudang&no=5080432&exception_mode=recommend&search_head=100&page=1,한국리서치 : 서울시장 정원오 43% 오세훈 32%,< 조사개요①>조사 의뢰 / KBS조사 기관 / (주)한국리서치조사 일시 / 2026년 5월 11일~14일 (4일간)조사 대상 / 서울·부산 거주 만 18세 이상 남녀조사 방법 / 전화 면접 조사피조사자 선정방법 / 성·연령·지역으로 층화된 가상번호 내 무작위추출표본 수 / 서울·부산 각 800명응답률 / 서울 13.6% 부산 19.2%가중치 부여 방식 / 지역별·성별·연령별 가중치 부여셀가중 / 2026년 4월 말 행정안전부 발표 주민등록 인구 기준표본 오차 / 서울·부산 ±3.5%p (95% 신뢰수준)자세한 내용은 중앙선거여론조사심의위원회 또는 KBS 홈페이지에서 보실 수 있습니다.
부산시장 ‘,미상,전재수,42.0,박형준,33.0,9.0,https://gall.dcinside.com/mgallery/board/view/?id=minjudang&no=5080425&exception_mode=recommend&search_head=100&page=1,[KBS] 부산시장 ‘전재수 42%·박형준 33%’,"https://n.news.naver.com/mnews/article/056/0012182015?sid=162 6·3 지방선거 부산시장 ‘전재수 42%·박형준 33%’6.3 지방선거를 19일 앞두고 실시된 KBS의 4차 여론조사 결과, 부산시장 선거에서는 더불어민주당 전재수 후보가, 교육감 선거에서는 김석준 후보가 각각 앞서고 있는 것으로 나타났습니다. 하지만, 교육감 선거의 경n.news.naver.com 부산시장 후보 지지도 조사에서 더불어민주당 전재수 후보는 42%를 기록, 33%를 얻은 국민의힘 박형준 후보에 9%p 차이로 앞섰습니다. 이는 오차범위 (±3.5%p)밖의 결과입니다. TV토론 배제에 항의하며 일주일간 단식을 했던 개혁신당 정이한 후보는 1%에 그쳤습니다. 전 후보의 강세는 중도층과 40·50세대에서 두드러졌습니다. 40대에서는 전재수 후보가 64%를 얻어 박 후보(19%)를 크게 앞섰고, 50대에서도 55%대 32%로 우위를 보였습니다. 강서·북·사상·사하 등 이른바 '낙동강 벨트'에서는 전 후보의 지지도가 50%를 기록하며 박 후보(30%)와 큰 차이를 보였습니다. 반면, 박형준 후보는 고령층과 전통 보수권역에서 경쟁력을 유지했습니다. 70세 이상에서는 박 후보가 42%로 전 후보(30%)에 앞섰고, 중동부 도심권과 금정·해운대권에서는 접전 양상이 나타났습니다. 특히, 국민의 힘 지지층의 80%가 박 후보를 지지해 보수층 결집력은 여전히 견고한 것으로 분석됩니다.주목할 점은 '지지의 강도'입니다. 지지 후보가 있는 응답자의 78%가 '계속 지지할 것'이라고 답해 선거 초반 형성된 지지세가 점차 공고해지는 양상입니다. 후보 선택의 기준으로는 '직무수행 능력(30%)'과 '소속 정당(26%)'이 핵심 지표로 작동한 것으로 나타났습니다. [조사개요] 조사의뢰 : KBS 조사기관 : (주)한국리서치 조사지역 : 부산광역시 조사일자 : 5월 11일~14일(4일간) 조사대상 : 부산광역시 거주 만 18세 이상 남녀 표본크기 : 800명 피조사자선정방법 : 3개 통신사 제공 휴대전화 가상번호 100% 무작위 추출 조사방법 : 면접원에 의한 전화면접조사 응답률 : 19.2% 가중치 부여방식 : 지역별, 성별, 연령별 가중치 부여 (2026년 4월 말 행정안전부 주민등록 인구 기준) 표본오차 : 95% 신뢰수준에 ±3.5%p - dc official App"
,한국갤럽,이재명,61.0,민주,45.0,16.0,https://gall.dcinside.com/mgallery/board/view/?id=minjudang&no=5078943&exception_mode=recommend&search_head=100&page=1,한국갤럽 : 이재명 61% 민주 45% 국힘 23%,"조사 개요- 조사기간: 2026년 5월 12~14일- 표본추출: 이동통신 3사 제공 무선전화 가상번호 무작위 추출- 응답방식: 전화조사원 인터뷰(CATI)- 조사대상: 전국 만 18세 이상 1,011명- 표본오차: ±3.1%포인트(95% 신뢰수준) – 주요 지표 표준오차·신뢰구간·상대표준오차 제시- 접촉률: 39.1%(전체 투입 유효 번호 대비 통화 연결)- 응답률: 12.5%(총통화 8,101명 중 1,011명 응답 완료)- 의뢰처: 한국갤럽 자체 조사이상 자세한 사항은 중앙선거여론조사심의위원회 홈페이지 참조"
부산시장,펜앤마-공정,전재수,45.6,박형준,41.3,4.3,https://gall.dcinside.com/mgallery/board/view/?id=minjudang&no=5078720&exception_mode=recommend&search_head=100&page=1,펜앤마-공정 : 부산시장 전재수 45.6% 박형준 41.3%,"펜앤마이크가 여론조사 전문기관 여론조사공정(주)에 의뢰해 지난 13일부터 14일까지 이틀간 부산에 거주하는 만18세 이상 남녀 803명을 대상으로구조화된 설문지를 이용한 무선 ARS 전화조사로 무선 RDD(100%), 전체 응답률은 6.7%다. 표본오차는 95% 신뢰수준에 ±3.5%p였으며 성, 연령, 지역별 인구비례에 따른 할당 추출로 올해 4월말 행정안전부 주민등록인구통계 기준 성, 연령, 지역별 가중치가 부여(림가중)됐다. 보다 자세한 사항은 중앙선거여론조사심의위원회 홈페이지를 참조하면 된다."
,여조꽃,-,0.0,-,0.0,0.0,https://gall.dcinside.com/mgallery/board/view/?id=minjudang&no=5078704&exception_mode=recommend&search_head=100&page=1,여조꽃 : 서울,여론조사개요는 첨부된 마지막 사진 확인바람이상 자세한 사항은 중앙선거여론조사심의위원회 홈페이지 참조
,여조꽃,-,0.0,-,0.0,0.0,https://gall.dcinside.com/mgallery/board/view/?id=minjudang&no=5078701&exception_mode=recommend&search_head=100&page=1,여조꽃 : 경남,여론조사개요는 첨부된 마지막 사진 확인바람이상 자세한 사항은 중앙선거여론조사심의위원회 홈페이지 참조
,여조꽃,-,0.0,-,0.0,0.0,https://gall.dcinside.com/mgallery/board/view/?id=minjudang&no=5078692&exception_mode=recommend&search_head=100&page=1,여조꽃 : 울산,여론조사개요는 첨부된 마지막 사진 확인바람이상 자세한 사항은 중앙선거여론조사심의위원회 홈페이지 참조
,여조꽃,-,0.0,-,0.0,0.0,https://gall.dcinside.com/mgallery/board/view/?id=minjudang&no=5078689&exception_mode=recommend&search_head=100&page=1,여조꽃 : 부산,여론조사개요는 첨부된 마지막 사진 확인바람이상 자세한 사항은 중앙선거여론조사심의위원회 홈페이지 참조
경기 평택시장,조원C&I,최원용,55.8,차화열,23.9,31.9,https://gall.dcinside.com/mgallery/board/view/?id=minjudang&no=5077530&exception_mode=recommend&search_head=100&page=1,조원C&I : 경기 평택시장 최원용 55.8% 차화열 23.9%,"14일 경기일보가 여론조사기관 조앤씨앤아이에 의뢰해 5월9~10일 2일간 경기도 평택시 거주 18세 이상 남녀 500명을 대상으로 진행한 여론조사 결과 차기 평택시장 지지도 조사에서 민주당 최원용 후보가 55.8%의 지지를 얻어 국민의힘 차화열 후보(23.9%)를 오차범위 밖에서 앞섰다. 그 외 인물 5.1%, 없음 6.8%, 모름 8.4%다.권역별로 1권역(진위면, 서탄면, 중앙동, 서정동, 송탄동, 지산동, 송북동, 신장1·2동, 통복동, 세교동)과 2권역(팽성읍, 안중읍, 포승읍, 청북읍, 고덕면, 오성면, 현덕면, 고덕동), 3권역(신평동, 원평동, 비전1·2동, 용이동, 동삭동) 모두에서 최원용 후보(각각 51.1%, 56.6%, 59.6%)가 차화열 후보(27.8%, 21.0%, 22.9%)보다 높게 나타났다.평택시민의 51.0%는 다가오는 지방선거에서 ‘국정 지원을 위해 여당에 힘을 실어줘야 한다’고 응답했다. ‘정권 견제를 위해 야당에 힘을 실어줘야 한다’는 응답은 33.8%, 모름 15.1%다.조사개요이번 조사는 경기일보 의뢰로 조원씨앤아이가 2026년 5월9~10일 2일간 경기도 평택시 거주 18세 이상 남녀 대상으로 ARS 여론조사(휴대전화 가상번호 100%, 성, 연령대, 지역별 비례할당 무작위 추출)를 실시한 결과이며 표본수는 500명(총 통화 시도 5천509명·응답률 9.1%), 표본오차는 95% 신뢰수준에 ±4.4%포인트임. 그 밖의 사항은 중앙선거여론조사심의위원회 홈페이지 참조. ※가중치 부여 방식: 성별, 연령별, 지역별 가중값 부여(2026년 4월 말 행정안전부 발표 주민등록인구 기준)"
경남 김해시장,KSOI,정영두,47.1,홍태용,37.3,9.8,https://gall.dcinside.com/mgallery/board/view/?id=minjudang&no=5077796&exception_mode=recommend&search_head=100&page=1,KSOI : 경남 김해시장 정영두 47.1% 홍태용 37.3%,여론조사개요는 첨부된 마지막 사진 확인바람이상 자세한 사항은 중앙선거여론조사심의위원회 홈페이지 참조
경남도지사,KSOI,김경수,44.3,박완수,43.5,0.8,https://gall.dcinside.com/mgallery/board/view/?id=minjudang&no=5077778&exception_mode=recommend&search_head=100&page=1,KSOI : 경남도지사 김경수 44.3% 박완수 43.5%,여론조사개요는 첨부된 마지막 사진 확인바람이상 자세한 사항은 중앙선거여론조사심의위원회 홈페이지 참조
제주 서귀포,한국리서치,이재명,77.0,민주,55.0,22.0,https://gall.dcinside.com/mgallery/board/view/?id=minjudang&no=5077627&exception_mode=recommend&search_head=100&page=1,한국리서치 : 제주 서귀포 이재명 77% 민주 55% 국힘 16%,여론조사개요는 첨부된 마지막 사진 확인바람이상 자세한 사항은 중앙선거여론조사심의위원회 홈페이지 참조
MBC여론M 5/13 평택을,미상,김용남,27.1,조국,23.6,3.5,https://gall.dcinside.com/mgallery/board/view/?id=minjudang&no=5076687&exception_mode=recommend&search_head=100&page=1,MBC여론M 5/13 평택을 김용남 27.1 조국 23.6,"https://poll-mbc.co.kr/assembly.html [여론M] 여론조사를 조사하다들쭉날쭉한 여론조사, 어떤 게 맞을까요?poll-mbc.co.kr최신 조사 반영"
부산시장,한길리서치,전재수,47.7,박형준,40.2,7.5,https://gall.dcinside.com/mgallery/board/view/?id=minjudang&no=5076412&exception_mode=recommend&search_head=100&page=1,한길리서치 : 부산시장 전재수 47.7% 박형준 40.2%,"부산MBC가 한길리서치에 의뢰한 조사에서, ′6월 부산시장 선거에서 누구에게 투표하겠냐′고 물었더니, 더불어민주당 전재수 47.7%, 국민의힘 박형준 40.2%, 개혁신당 정이한 후보 2.9%로 나타났습니다.전 후보가 박 후보를 7.5% 포인트(p) 차이로 오차범위 밖에서 앞선 것으로 조사됐습니다.지지 정당은 더불어민주당 39.2%, 국민의힘 36.4%, 조국혁신당 4.7%, 개혁신당 2.0%, 진보당 1.7%로 집계됐습니다.′부산교육감 선거에서 누구에게 투표하겠냐′고 물었더니 김석준 후보 36.1%, 최윤홍 후보 12.8%, 정승윤 후보 11.1%로 응답 조사됐습니다.이번 조사는 부산MBC가 한길리서치에 의뢰해 부산시민 천 18명을 대상으로 지난 11일과 12일 이틀동안 진행됐으며, 자세한 내용은 중앙선거여론조사심의위원회 홈페이지에서 확인할 수 있습니다.조사개요🌑조사의뢰 : 부산MBC🌑조사기관 : (주)한길리서치🌑조사지역 : 부산광역시🌑조사기간 : 2026년 5월 11일~12일 (2일간)🌑조사대상 : 부산광역시에 거주하는 만 18세 이상 남*녀🌑조사규모 : 1018명🌑조사방법 : 무선(가상번호) ARS 100.0%🌑피조사자 선정방법(표본추출방법) : 성/연령/지역별 할당 무작위 추출🌑자료처리방법 : 수집된 자료는 EDITING ⇨ CODING/PUNCHING ⇨ CLEANING의 과정을 거쳐 SPSS 프로그램을 이용하여 처리🌑가중값 산출 및 적용방법 : 성별, 연령별, 지역별, 가중값 부여(2026년 3월말 행정안전부 주민등록 인구 기준)🌑표본오차 : 95% 신뢰 수준에 오차범위 ±3.1%포인트(P)🌑응답률 : 7.3%자세한 내용은 중앙선거여론조사심의위원회 홈페이지 참조"
부산 북갑,한길리서치,하,35.5,한,32.6,2.9,https://gall.dcinside.com/mgallery/board/view/?id=minjudang&no=5076407&exception_mode=recommend&search_head=100&page=1,한길리서치 : 부산 북갑 하 35.5% 한 32.6% 박 25.5%,"부산 북구 갑 선거구에 거주하는 501명을 대상으로 한 여론조사에서는, ""누구에게 투표하겠냐""는 질문에 대해, 더불어민주당 하정우 후보 35.5%, 국민의힘 박민식 후보 25.5%, 무소속 한동훈 후보 32.6%로 나타났습니다.하정우, 박민식 두 후보가 양자 대결할 경우엔, 39%는 하정우 후보를, 32.8%는 박민식 후보를 지지한다고 밝혔고, 하정우, 한동훈 양자 대결에서는 하정우 39.7%, 한동훈 37.6%의 지지를 얻었습니다.박민식, 한동훈 두 후보가 단일화 할 경우 누가 단일 후보로 적임자인가 라는 질문에는, 박민식 31.8%, 한동훈 40.7%로 조사됐습니다.응답자의 91.3%는 이번 선거에 ""투표하겠다""고 응답한 반면, 3.2%는 투표하지 못하거나 안할 것 같다고 응답했습니다.이번 조사는 부산MBC가 한길리서치에 의뢰해 2026년 5월 11일부터 12일까지 실시했으며, 자세한 내용은 중앙선거여론조사심의위원회에서 확인할 수 있습니다.조사개요🌑조사의뢰 : 부산MBC🌑조사기관 : (주)한길리서치🌑조사지역 : 부산광역시 북구갑 선거구🌑조사기간 : 2026년 5월 11일~12일 (2일간)🌑조사대상 : 부산광역시 북구갑 선거구에 거주하는 만 18세 이상 남*녀🌑조사규모 : 501명🌑조사방법 : 무선(가상번호) ARS 100%🌑피조사자 선정방법(표본추출방법) : 성/연령/지역별 할당 무작위 추출🌑자료처리방법 : 수집된 자료는 EDITING ⇨ CODING/PUNCHING ⇨ CLEANING의 과정을 거쳐 SPSS 프로그램을 이용하여 처리🌑가중값 산출 및 적용방법 : 성별, 연령별, 지역별, 가중값 부여(2026년 3월말 행정안전부 주민등록 인구 기준)🌑표본오차 : 95% 신뢰수준에 오차범위 ±4.4%p🌑응답률 : 9.6%자세한 내용은 중앙선거여론조사심의위원회 홈페이지 참조"
MBC.M5/13평택을,미상,김용남,25.4,조,23.6,1.8,https://gall.dcinside.com/mgallery/board/view/?id=minjudang&no=5074677&exception_mode=recommend&search_head=100&page=1,MBC.M5/13평택을 김용남 25.4 조 23.6,5.5 이후 업데이트 없음
경기 하남갑,한국갤럽,이광재,47.0,이용,33.0,14.0,https://gall.dcinside.com/mgallery/board/view/?id=minjudang&no=5075679&exception_mode=recommend&search_head=100&page=1,한국갤럽 : 경기 하남갑 이광재 47% 이용 33%,"뉴스1이 지난 12~13일 한국갤럽에 의뢰해 12~13일 하남갑 거주 18세 이상 남녀 500명을 대상으로 실시한 여론조사에선 이광재 민주당 후보가 47% 지지도를 얻어 이용 국민의힘 후보(33%)를 14%포인트(p)차로 앞섰다. 김성열 개혁신당 후보는 3%였다.이번 조사는 무작위 추출된 무선전화 가상번호를 통한 전화 조사원 인터뷰(CATI) 방식으로 실시했다. 응답률은 부산 북갑 11.3%, 경기 평택을 10.0%, 하남갑 11.0%다. 표본오차는 북갑 95% 신뢰수준에 ±4.3%p, 평택을과 하남갑은 각 95% 신뢰수준에 ±4.4%p다.자세한 사항은 중앙선거여론조사심의위원회 홈페이지 참조."
경기 평택을,한국갤럽,김용남,29.0,조국,24.0,5.0,https://gall.dcinside.com/mgallery/board/view/?id=minjudang&no=5075678&exception_mode=recommend&search_head=100&page=1,한국갤럽 : 경기 평택을 김용남 29% 유의동 20% 조국 24%,"뉴스1이 지난 12~13일 한국갤럽에 의뢰해 평택을 거주 18세 이상 남녀 501명을 대상으로 한 평택을 국회의원 재선거 후보 지지도에선 김용남 민주당 후보 29%, 유의동 국민의힘 후보 20%, 조국 조국혁신당 후보 24%, 김재연 진보당 후보 4%, 황교안 자유와혁신 후보 8%를 각각 기록했다.적극 투표층에선 김 후보 30%, 유 후보 21%, 조 후보 28%였다. 김 후보와 유 후보 간 격차는 변동이 없었지만, 김 후보와 조 후보 간 격차가 2%p로 좁혀졌다.평택을 가상 양자 대결에선 김용남 후보 54%-유 후보 34%, 조 후보 48%-유 후보 38%를 기록했다. 지지율 격차는 각 20%p, 10%p로, 수치로만 놓고 보면 국민의힘 후보와의 양자 대결에서 김용남 후보가 더 경쟁력이 있는 것으로 분석된다.범진보 진영의 김용남·조국·김재연 후보 간 단일화 여부에 대해선 '해야 한다' 29%, '하면 안 된다' 46%였다. 범보수 진영 유의동·황교안 후보 간 단일화에 대해서도 '해야 한다' 30%, '하면 안 된다' 38%로 반대가 더 높았다.범진보 진영 단일화 선호 후보로는 김용남 후보, 조 후보가 각 32% 동률을 기록했다. 김재연 후보는 9% 지지를 얻었다. 범보수 진영 단일화 선호 후보로는 유 후보가 59%로 황 후보(19%)를 크게 앞섰다.이번 조사는 무작위 추출된 무선전화 가상번호를 통한 전화 조사원 인터뷰(CATI) 방식으로 실시했다. 응답률은 부산 북갑 11.3%, 경기 평택을 10.0%, 하남갑 11.0%다. 표본오차는 북갑 95% 신뢰수준에 ±4.3%p, 평택을과 하남갑은 각 95% 신뢰수준에 ±4.4%p다.자세한 사항은 중앙선거여론조사심의위원회 홈페이지 참조."
부산 북갑,한국갤럽,하정우,39.0,한동훈,29.0,10.0,https://gall.dcinside.com/mgallery/board/view/?id=minjudang&no=5075677&exception_mode=recommend&search_head=100&page=1,한국갤럽 : 부산 북갑 하정우 39% 박민식 21% 한동훈 29%,"뉴스1이 지난 12~13일 한국갤럽에 의뢰해 부산 북갑 거주 18세 이상 남녀 508명을 대상으로 실시해 14일 공개한 부산 북갑 국회의원 보궐선거 여론조사에서 하정우 민주당 후보가 39%, 박민식 국민의힘 후보는 21%, 한동훈 무소속 후보 29% 지지도를 각각 얻었다.'이번 지방선거에 반드시 투표하겠다'고 답한 적극투표 의향층에선 하 후보가 45%의 지지를 받아 한 후보(29%) 및 박 후보(21%)와의 격차를 더 벌렸다.부산 북갑 주민들을 대상으로 한 부산시장 선거 후보 지지도는 전재수 민주당 후보 57%, 박형준 국민의힘 후보 32%였다. 부산 북갑은 전재수 후보의 국회의원 시절 지역구다.북갑은 진보-보수 진영 구도로 보면 39%대 50%(21%+29%)로 보수 후보 단일화가 변수로 꼽힌다. 가상 양자 대결 지지도는 하 후보 50%-박 후보 37%, 하 후보 46%-한 후보 40%로 집계됐다. 박 후보는 오차범위(±4.4%p) 밖에서, 한 후보는 오차범위 내에서 하 후보에게 열세를 보였다.박민식·한동훈 후보 간 단일화와 관련해선 '해야 한다'와 '하면 안 된다'가 각 40%로 동률이었다. '모름·응답 거절'은 20%다. 단일화 선호 후보 지지도는 한 후보가 45%로, 박 후보(39%)보다 6%p 높았다.이번 조사는 무작위 추출된 무선전화 가상번호를 통한 전화 조사원 인터뷰(CATI) 방식으로 실시했다. 응답률은 부산 북갑 11.3%, 경기 평택을 10.0%, 하남갑 11.0%다. 표본오차는 북갑 95% 신뢰수준에 ±4.3%p, 평택을과 하남갑은 각 95% 신뢰수준에 ±4.4%p다.자세한 사항은 중앙선거여론조사심의위원회 홈페이지 참조."
서울시장,KSOI,정원오,44.9,오세훈,39.8,5.1,https://gall.dcinside.com/mgallery/board/view/?id=minjudang&no=5075675&exception_mode=recommend&search_head=100&page=1,KSOI : 서울시장 정원오 44.9% 오세훈 39.8%,"CBS가 한국사회여론연구소(KSOI)에 의뢰해 지난 12~13일 서울 거주 만 18세 이상 1002명 대상 ARS 방식으로 조사한 결과, 정 후보와 오 후보 지지율은 각각 44.9%와 39.8%로 집계됐다. 지지율 격차는 3주 만에 10.2%포인트에서 5.1%포인트로 대폭 줄었다. 지난달 22~23일 실시된 직전 여론조사에서 정 후보 지지율은 45.6%로, 오 후보(35.4%)를 오차범위 밖에서 앞섰다.지방선거가 다가올수록 진보·보수층이 결집하는 가운데 일부 중도층 표심이 오 후보 쪽으로 흡수된 것으로 보인다.이번 조사 결과를 이념 성향별로 보면 진보층 87.8%가 정 후보를, 보수층 70.4%는 오 후보를 지지한 것으로 나타났다. 중도층에서는 정 후보 지지율이 직전 조사보다 0.5%포인트 감소한 48.4%, 오 후보의 지지율은 5.3%포인트 증가한 38.3%를 기록했다.6∙3 지방선거 투표 의향에 관한 문항에서는 89.1%가 '반드시 투표할 것'이라고 답했다.지방선거에서 '여권 후보 선택'이라고 응답한 비율은 직전 조사 때보다 2.6%포인트 감소한 44.0%로 나타났다. '야권 후보 선택'이라는 응답은 5.2%포인트 증가한 42.4%를 기록했다. '잘 모름'은 13.7%였다.'서울시 교육감 선거에서 어느 성향의 후보를 선호하느냐'는 물음에는 40.9%가 '보수 성향의 후보', 36.6%가 '진보 성향의 후보', 15.2%가 '선호 성향이 없다'고 답했다. '잘 모름'이라는 응답은 7.2%를 기록했다.교육감 후보 적합도로는 진보 성향으로 분류되는 정근식 후보와 한만중 후보는 각각 17.8%와 3.2%로 집계됐다. 보수 성향인 조전혁 후보와 윤호상 후보는 각각 12.8%와 9.2%를 기록했다.이재명 대통령 국정 지지도는 직전 조사 때보다 4%포인트 감소한 53.8%로 나타났다. '부정 평가'는 4%포인트 늘어 40.6%로 집계됐다. '잘 모름'이라는 응답은 5.6%였다.정당 지지도는 더불어민주당 38.9%, 국민의힘 32.9%, 개혁신당 4.4%, 조국혁신당 2.5%, 진보당 2.1% 순으로 나타났다.▶이번 여론조사는…-조사방법: 구조화된 설문지를 이용한 자동응답(ARS) 조사-모집단: 서울특별시 거주 만 18세 이상 남녀 1002명-피조사자 선정방법: 무선 ARS 자동응답 조사(무선 100%). 통신사 제공 휴대전화 가상번호 활용-표본오차: 95% 신뢰수준에서 ±3.1%포인트-응답률: 5.3%-가중값 산출 및 적용: 성, 연령, 지역별 가중치 부여(셀가중). 2026년 4월 말 행정안전부 주민등록 인구 기준-조사기간: 2026년 5월 12~13일-조사기관: 한국사회여론연구소(KSOI)https://www.nocutnews.co.kr/news/6516840?page=1&c1=182 정원오 44.9% 오세훈 39.8%…오차범위 내 추격[CBS-KSOI] 6·3 서울시장 선거가 20일 앞으로 다가오면서 국민의힘 오세훈 후보가 더불어민주당 정원오 후보를 오차 범위 내에서 추격하고 있는 여론조사 결과가 나왔다.www.nocutnews.co.kr"
충남 계룡시장,유앤미,정준영,48.9,이응우,43.0,5.9,https://gall.dcinside.com/mgallery/board/view/?id=minjudang&no=5073222&exception_mode=recommend&search_head=100&page=1,유앤미 : 충남 계룡시장 정준영 48.9% 이응우 43%,"지지정당을 묻는 문항에서는 “더불어민주당”이 46.3%, “국민의힘”은 35.8% “조국혁신당” 4.3%, 진보당 0.9%, “개혁신당” 0.4% “기타정당”은 1.6%, “지지하는 정당이 없다”는 9.6%, “잘모름”은 1.2%로 나타났다.조사개요'계룡신문' 은 제9회 전국동시지방선거 정당별 계룡시장후보 공천확정자와 정당 지지을 묻는 여론조사를 유앤미리서치 의뢰해 지난 5월 10~11일 이틀간 계룡시민을 대상으로 실시했다.여론조사는 무선 가상번호 78.0%, 유선RDD 22.0%에서 계룡시 거주 만 18세 이상 남녀 500명을 대상으로 구조화된 설문지를 이용한 ARS 방식 응답률 8.5%로 집계된 결과다.표본오차는 95% 신뢰수준에 ±4.4%포인트, 가중값 산출 및 적용방법은 2025년 12월 말 행정안전부 주민등록 인구통계 기준에 의해 이뤄졌다.자세한 내용은 중앙선거여론조사심의위원회 홈페이지를 참고하면 된다."
인천 제물포구청장,한국갤럽,남궁형,43.0,김찬진,39.0,4.0,https://gall.dcinside.com/mgallery/board/view/?id=minjudang&no=5074529&exception_mode=recommend&search_head=100&page=1,한국갤럽 : 인천 제물포구청장 남궁형 43% 김찬진 39%,"대통령 직무 수행을 평가해달라는 질문에는 ‘잘하고 있다’는 응답이 69%로 가장 많았다. ‘잘못하고 있다’ 23%의 3배에 달했다. ‘어느 쪽도 아니다’, ‘모름·응답거절’은 각각 3%, 5%였다.※이번 여론조사는 경인일보가 여론조사 전문기관 한국갤럽조사연구소에 의뢰해 지난 11~12일 이틀간 인천시 동구, 중구(영종도 지역 제외)에 거주하는 만 18세 이상 남녀 505명을 대상으로 진행했다. 휴대전화 가상(안심)번호를 무작위로 추출해 100% 전화 조사원 인터뷰(CATI)를 실시했다. 표본오차는 95% 신뢰수준에서 ±4.4%p, 응답률은 13.4%다. 2026년 4월 말 행정안전부 주민등록 인구를 기준으로 성별, 연령별, 지역별 가중치(셀가중)를 적용했다. 자세한 사항은 중앙선거여론조사심의위원회 홈페이지를 참조하면 된다."
MBC.M5/13 북갑,미상,하정우,42.2,한,31.0,11.2,https://gall.dcinside.com/mgallery/board/view/?id=minjudang&no=5074670&exception_mode=recommend&search_head=100&page=1,MBC.M5/13 북갑 하정우 42.2  한 31 박25.2,
양산,KOPRA,박완수,44.6,김경수,44.3,0.3,https://gall.dcinside.com/mgallery/board/view/?id=minjudang&no=5073800&exception_mode=recommend&search_head=100&page=1,KOPRA : 양산 김경수 44.3% 박완수 44.6%,"http://www.yangsanilbo.com/news/articleView.html?idxno=124760 6.3지방선거 양산 민심, 본선 앞두고 팽팽한 접전6.3지방선거 본후보 등록을 일주일 앞두고 실시된 양산신문 여론조사에서 양산시장과 경남도지사, 정당 지지도 모두 오차범위 내 접전 양상을 보이며 본선 구도 역시 팽팽한 흐름을 이어가는 것으로 나타났다.우선 차기 양산시장 지지도 조사에서는 더불어민주당 조문관 예비후보 44.3%, 국민의힘 나동연 예비후보 42.3%로 나타났다. 두 후보 간 격차는 2.0%p로 오차범위 내다. 기타 후보는 5.0%, 없다 4.4%, 잘 모름은 4.0%였다.연령별로는 조문관 후보가 40대(56.0%)·50대(50.1%)·60대(46.9%)에서 앞섰고, 나www.yangsanilbo.com우선 차기 양산시장 지지도 조사에서는 더불어민주당 조문관 예비후보 44.3%, 국민의힘 나동연 예비후보 42.3%로 나타났다. 차기 경남도지사 지지도 조사에서는 국민의힘 박완수 예비후보 44.6%, 더불어민주당 김경수 예비후보 44.3%로 나타났다. 격차는 0.3%p에 불과해 오차범위 내 초접전 양상이다. 연령별로는 김경수 후보가 40대(60.5%)·50대(50.6%)에서 우세를 보인 반면, 박완수 후보는 18~29세(51.1%)·30대(50.5%)·60대(46.3%)·70세 이상(62.6%)에서 앞섰다. 이 조사는 양산신문이 한국여론평판연구소(KOPRA)에 의뢰해 2026년 5월 7일~5월 9일 경상남도 양산시 만 18세 이상 남녀 800명을 대상으로 무선 가상번호(81%)와 유선 RDD(19%)를 이용한 ARS조사 방식으로 진행했다. 응답률은 3.9%(2만379명 중 800명)이며 2026년 4월 말 행정안전부 주민등록인구 기준으로 성별, 연령대별, 지역별 가중값을 부여했고, 표본오차는 95% 신뢰수준에 ±3.5%p다. 자세한 조사 결과는 중앙선거여론조사심의위원회 홈페이지에서 확인할 수 있다. - dc official App"
,KSOI,이재명,60.7,민주,46.5,14.2,https://gall.dcinside.com/mgallery/board/view/?id=minjudang&no=5072994&exception_mode=recommend&search_head=100&page=1,KSOI : 이재명 60.7% 민주 46.5% 국힘 28%,여론조사개요는 첨부된 사진에서 확인바람이상 자세한 사항은 중앙선거여론조사심의위원회 홈페이지 참조
인천 연수갑,토마토,송영길,51.7,박종진,32.6,19.1,https://gall.dcinside.com/mgallery/board/view/?id=minjudang&no=5072913&exception_mode=recommend&search_head=100&page=1,토마토 : 인천 연수갑 송영길 51.7% 박종진 32.6%,"이번 조사는 <뉴스토마토> 의뢰로 미디어토마토가 지난 10일부터 11일까지 이틀간 만 18세 이상 인천 연수갑 선거구 거주 성인남녀 501명을 대상으로 실시됐으며, 표본오차는 95% 신뢰수준에 ±4.4%포인트입니다. 휴대전화 가상번호(안심번호)를 활용한 무선 ARS(자동응답) 방식으로 진행됐으며, 응답률은 6.9%로 집계됐습니다.한편 이번 조사는 2026년 4월 말 행정안전부 주민등록 인구를 기준으로 성별·연령별·지역별 가중값을 산출했고 셀가중을 적용했습니다. 그 밖의 자세한 조사 개요와 결과는 중앙선거여론조사심의위원회 홈페이지를 참조하면 됩니다."
,조원C&I,이재명,60.2,민주,48.2,12.0,https://gall.dcinside.com/mgallery/board/view/?id=minjudang&no=5072905&exception_mode=recommend&search_head=100&page=1,조원C&I : 이재명 60.2% 민주 48.2% 국힘 33.5%,"이번 조사는 스트레이트뉴스 의뢰로 조원씨앤아이가 2026년 5월 9~11일 3일간 전국 만 18세 이상 남녀 대상으로 ARS 여론조사(휴대전화 100% RDD 방식, 성, 연령대, 지역별 비례할당 무작위 추출)를 실시한 결과다. 표본수는 2000명(총 통화시도 4만8857명, 응답률 4.1%), 표본오차는 95% 신뢰수준에 ±2.2%포인트(p)다. 그 밖의 사항은 조원씨앤아이 홈페이지를 참조하면 된다."
,여조꽃,-,0.0,-,0.0,0.0,https://gall.dcinside.com/mgallery/board/view/?id=minjudang&no=5072979&exception_mode=recommend&search_head=100&page=1,여조꽃 : 충남 공주부여청양,여론조사개요는 첨부된 마지막 사진 확인바람이상 자세한 사항은 중앙선거여론조사심의위원회 홈페이지 참조(가상번호 신청할 당시에 누가 나올지 몰라서 후보명 안 넣고 돌렸다고 함)
,한국갤럽,-,0.0,-,0.0,0.0,https://gall.dcinside.com/mgallery/board/view/?id=minjudang&no=5072911&exception_mode=recommend&search_head=100&page=1,"한국갤럽 : 서울, 부산, 대구, 경남","적극투표 의향층에선 두 후보 간 격차가 더 벌어졌다. '이번 지방선거에 반드시 투표할 것'이라는 응답자 중에선 정원오 후보 54%, 오세훈 후보 36%였다.'이번 지방선거에 반드시 투표하겠다'고 밝힌 적극투표 의향층에선 전재수 후보 49%, 박형준 후보 42%였다. 이 역시 오차범위 내의 격차다.적극투표 의향층에서도 김부겸 후보 48%, 추경호 후보 44%로 오차범위 내 접전 양상이었다.뉴스1이 6·3 지방선거를 21일 앞두고 한국갤럽에 의뢰해 이동통신 3사 제공 무선전화 가상번호를 무작위 추출해 전화조사원 인터뷰(CATI) 방식으로 진행됐다.서울은 지난 9~10일 서울 거주 성인 802명을 대상으로 조사했고 응답률은 11.0%다. 부산은 10~11일 부산 거주 성인 801명을 대상으로 조사했고 응답률은 14.7%다. 대구는 9~10일 대구 거주 성인 803명을 대상으로 조사했고 응답률은 20.3%다. 경남은 11~12일 경남 거주 성인 804명을 대상으로 조사했고 응답률은 13.4%다. 네 지역 각 표본오차는 95% 신뢰수준에 ±3.5%p다.자세한 내용은 중앙선거여론조사심의위원회 홈페이지를 참조하면 된다."
제주 서귀포,한국리서치,김성범,47.0,고기철,24.0,23.0,https://gall.dcinside.com/mgallery/board/view/?id=minjudang&no=5072528&exception_mode=recommend&search_head=100&page=1,한국리서치 : 제주 서귀포 김성범 47% 고기철 24%,여론조사개요는 첨부된 마지막 사진 확인바람이상 자세한 사항은 중앙선거여론조사심의위원회 홈페이지 참조
부산 북 갑 주민대상,미상,전재수,52.4,박형준,34.7,17.7,https://gall.dcinside.com/mgallery/board/view/?id=minjudang&no=5072273&exception_mode=recommend&search_head=100&page=1,부산 북 갑 주민대상 전재수 52.4% 박형준 34.7%,- dc official App
경기 의정부시장,한국갤럽,김원기,39.0,김동근,37.0,2.0,https://gall.dcinside.com/mgallery/board/view/?id=minjudang&no=5071819&exception_mode=recommend&search_head=100&page=1,한국갤럽 : 경기 의정부시장 김원기 39% 김동근 37%,"■ 이번 여론조사는 경인일보가 여론조사 전문기관 한국갤럽조사연구소에 의뢰해 지난 10~11일 이틀간 의정부시에 거주하는 만 18세 이상 남녀 501명을 대상으로 진행했다. 휴대전화 가상(안심)번호를 무작위로 추출해 100% 전화 조사원 인터뷰(CATI)를 실시했다. 표본오차는 95% 신뢰수준에서 ±4.4%p, 응답률은 17%다. 2026년 4월 말 행정안전부 주민등록 인구를 기준으로 성별, 연령별, 지역별 가중치(셀가중)를 적용했다. 자세한 사항은 중앙선거여론조사심의위원회 홈페이지를 참조하면 된다."
강진  무소속,코리아정보리서치,강진원,57.0,차영수,39.7,17.3,https://gall.dcinside.com/mgallery/board/view/?id=minjudang&no=5071662&exception_mode=recommend&search_head=100&page=1,"코리아정보리서치: 강진,  무소속 강진원 57% 민 차영수39.7%","강진원(현역) 57% 차영수(민주) 39.7% 강진원, 20대 제외 전 연령서 차영수에 앞서 ○강진군수 당선가능성 - dc official App"
부산 북갑,리얼미터,하,43.4,한,28.1,15.3,https://gall.dcinside.com/mgallery/board/view/?id=minjudang&no=5072065&exception_mode=recommend&search_head=100&page=1,리얼미터 : 부산 북갑 하 43.4% 박 23.1% 한 28.1%,"지지정당별로 보면 하 후보는 민주당 지지층에서 88.1%의 지지를 얻었다. 하지만 국민의힘 지지층은 한 후보 42.4%, 박 후보 51.4%로 갈렸다. 한 후보는 ‘보수 재건’, 박 후보는 ‘보수 대표’를 자임하며 보수층 표심을 파고들지만 누구도 확실한 우위를 점하지 못한 모습이다.하 후보는 보수 단일후보로 박 후보(32.4%)를 설정한 양자 가상대결에서 45.7%를 얻었다. 연령대별로 보면 하 후보는 40대(60.4%), 박 후보는 20대 이하(52.9%)에서 높은 지지율을 보였다. 민주당 지지자의 89.2%가 하 후보를 전폭적으로 지지한 반면 국민의힘 지지자는 66.7%만 박 후보를 지지했다. 부동층(없음과 잘 모름)은 21.9%였다.하 후보(45.8%)는 보수 단일 후보를 한 후보(35.8%)로 설정한 양자 가상대결에서도 오차범위를 벗어난 10%p 차이로 앞섰다. 부동층(없음과 잘 모름)은 18.3%였다. 하 후보는 40대(58%), 한 후보는 50대(41.3%)에서 지지율이 가장 높았다. 민주당 지지자의 87.2%는 하 후보를, 국민의힘 지지자의 60.4%만 한 후보를 지지했다.보수 진영 후보 단일화 필요성을 물었더니 ‘필요하다’는 응답은 38.2%(매우 필요 20.5%, 필요한 편 17.7%), ‘필요하지 않다’는 반응은 50.6%(전혀 불필요 32.9%, 필요하지 않은 편 17.7%)로 나타났다. 지지 정당별로 민주당 지지자의 68.5%가 ‘단일화가 필요하지 않은 편’ 또는 ‘전혀 불필요’라고 답했다. 반면 국민의힘 지지자의 63.2%는 ‘매우 필요’ 또는 ‘필요한 편’이라고 응답해 대조를 보였다.보수 단일화 후보 적합도에서는 박 후보 34%, 한 후보 35.1%로 격차가 무의미했다. 연령별로 보면 50대(40%)가 한 후보에게, 20대 이하(40.1%)가 박 후보에게 가장 큰 지지를 보냈다. 국민의힘 지지자만 놓고 보면 박 후보 51%, 한 후보 46.5%였다. 민주당 지지자는 박 후보 24.7%, 한 후보 19.4%였다.특히 하 후보와 박 후보 간 양자대결에서 3자 대결 때 한 후보를 지지한 응답자의 10.7%는 하 후보를, 29.5%는 박 후보를 지지했고 부동층(‘없음’과 ‘잘 모름’)은 47.4%에 달했다. 또 하 후보와 한 후보 간 양자 대결에서 3자 대결 때 박 후보를 지지한 응답자의 12.5%는 하 후보를, 30.6%는 한 후보를 지지했다. 부동층(‘없음’과 ‘잘 모름’)은 49.7%였다. 보수 후보 단일화가 성사되더라도 기존 지지층이 단일 후보로 고스란히 이동할 가능성이 적다는 점을 시사하는 대목이다.이번 선거에서 북갑 유권자들의 정권안정론과 정권견제론은 팽팽하게 대립했다. ‘정권 안정을 위해 여당에 힘을 실어줘야 한다’는 응답은 47.1%로, ‘정권 견제를 위해 야당에 힘을 실어줘야 한다’는 응답(42.1%)과 비슷했다. ‘잘 모름’으로 답한 부동층은 10.8%로, 지역 표심이 막판까지 요동칠 것으로 전망된다.※리얼미터 어떻게 조사- 구포, 덕천, 만덕2·3동 남녀 506명 대상 설문여론조사 전문기관 리얼미터가 국제신문의 의뢰로 지난 9, 10일 국회의원 선거구 부산 북갑 지역(구포1·2·3동, 덕천1·2·3동, 만덕 2·3동)에 거주하는 성인남녀 506명을 대상으로 실시했다.국내 통신사(SKT, KT, LGU+)에서 제공받은 무선 전화 가상번호 리스트를 표집틀로 활용해 구조화한 설문지를 이용한 자동응답(ARS) 100% 방식으로 조사했다. 응답률은 8.7%, 표본오차는 95% 신뢰수준에서 ± 4.4%포인트(p)다.2026년 3월 말 행정안전부 주민등록인구통계 기준(림가중, Rim Weighting) 성·연령대·권역별 가중치를 부여했다. 자세한 내용은 중앙선거여론조사심의위원회를 참조하면 된다."
경기 성남시장,조원C&I,김병욱,48.5,신상진,40.1,8.4,https://gall.dcinside.com/mgallery/board/view/?id=minjudang&no=5072046&exception_mode=recommend&search_head=100&page=1,조원C&I : 경기 성남시장 김병욱 48.5% 신상진 40.1%,"■ 지방선거 與 힘 실어줘야 50.3% vs 野 힘 실어줘야 40.4%이번 조사는 경기일보 의뢰로 조원씨앤아이가 2026년 5월9~10일 2일간 경기도 성남시 거주 18세 이상 남녀 대상으로 ARS 여론조사(휴대전화 가상번호 100%, 성, 연령대, 지역별 비례할당 무작위 추출)를 실시한 결과이며 표본수는 500명(총 통화 시도 6천520명·응답률 7.7%), 표본오차는 95% 신뢰수준에 ±4.4%포인트임. 그 밖의 사항은 중앙선거여론조사심의위원회 홈페이지 참조. ※가중치 부여 방식: 성별, 연령별, 지역별 가중값 부여(2026년 4월 말 행정안전부 발표 주민등록인구 기준)"
목포시장,리얼미터,강성휘,56.9,박홍률,25.5,31.4,https://gall.dcinside.com/mgallery/board/view/?id=minjudang&no=5070662&exception_mode=recommend&search_head=100&page=1,"리얼미터: 목포시장, 강성휘 56.9%   박홍률 25.5%",○목포시장 지지도 민주 강성휘 56.9% 조혁 박홍률 25.5% 정의 여인두 4.1% ○목포시 정당지지율 민주 66.1% 조혁 13% ○지방선거 투표의향 반드시 하겠다 86.5% - dc official App
서울시장,펜앤마-공정,정원오,44.7,오세훈,42.6,2.1,https://gall.dcinside.com/mgallery/board/view/?id=minjudang&no=5071606&exception_mode=recommend&search_head=100&page=2,펜앤마-공정 : 서울시장 정원오 44.7% 오세훈 42.6%,"펜앤마이크가 여론조사 전문기관 여론조사공정(주)에 의뢰해 지난 10일과 11일 이틀간 서울에 거주하는 만18세 이상 남녀 801명을 대상으로구조화된 설문지를 이용한 무선 ARS(100%) 전화조사로 응답률은 전체 5.7%, 표본오차는 95% 신뢰수준에 ±3.5%p다. 성, 연령, 지역별 인구비례에 따른 할당 추출로 2026년 4월말 행정안전부 주민등록인구통계 기준 국가 인구통계에 따른 성, 연령, 지역별 가중치가 부여(림가중)됐다. 보다 자세한 사항은 중앙선거여론조사심의위원회 홈페이지를 참조하면 된다."
인천 강화군수,조원C&I,한연희,50.8,박용철,42.5,8.3,https://gall.dcinside.com/mgallery/board/view/?id=minjudang&no=5071185&exception_mode=recommend&search_head=100&page=2,조원C&I : 인천 강화군수 한연희 50.8% 박용철 42.5%,"이 같은 투표 열기는 후보 적합도에도 반영됐다. 투표 의향별 구분에서 적극 투표층에서는 한 53.1% vs 박 41.3%로 격차가 벌어졌다. 반면 소극 투표층에서는 한 후보 35.8% vs 박 후보 53.7%로 박 후보가 앞섰다. 투표 의향별로는 적극 투표층에서 유 46.4% vs 박 44.6%로 경합이었고, 소극 투표층에서는 유 54.8% vs 박 21.0%로 유 후보 쪽에 적합 응답이 쏠렸다. 이번 조사는 스트레이트뉴스 의뢰로 조원씨앤아이가 2026년 5월 9일~10일 2일간 인천광역시 강화군 거주 18세 이상 남녀를 대상으로 ARS 여론조사(휴대전화 가상번호 100%, 성, 연령대, 지역별 비례할당 무작위 추출)를 실시한 결과다. 표본수는 500명(총 통화시도 4433명, 응답률 11.3%), 표본오차는 95% 신뢰수준에 ±4.4%p다. 그 밖의 사항은 중앙선거여론조사심의위원회 홈페이지를 참조하면 된다."
경남도지사,경남통계리서치,박완수,42.0,김경수,40.3,1.7,https://gall.dcinside.com/mgallery/board/view/?id=minjudang&no=5070959&exception_mode=recommend&search_head=100&page=2,경남통계리서치 : 경남도지사 김경수 40.3% 박완수 42%,"🔼 경상남도지사 지지도🔼 경남도정 운영 적합인물🔼 정당지지도이번 여론조사는 경남언론협회가 경남통계리서치에 의뢰해, 2026년 5월 8일~10일(3일간) 실시하였으며, 경상남도 거주 만18세 이상 남녀를 대상으로, 통신3사(SKT, KT, LGU+)제공 무선 가상번호(80%)와 유선전화 국번을 활용한 유선RDD(20%)를 이용하여, 자동응답전화조사(ARS)방식을 병행하여 총 1,012명이 응답하였고, 최종 응답률 4.6%에 표본오차는 95%신뢰수준에서 ±3.1%p이다.이번 여론조사와 관련한 자세한 사항은 중앙선거여론조사심의위원회 홈페이지를 참조하면 된다."
공주시장,비전코리아,김정섭,48.2,최원철,44.7,3.5,https://gall.dcinside.com/mgallery/board/view/?id=minjudang&no=5070228&exception_mode=recommend&search_head=100&page=2,"비전코리아: 공주시장, 김정섭48.2%  최원철44.7%","김정섭, 민주당 지지층 86.9%, 40대 72.5%, 30대 51% 여성 49% 에서 높은 경쟁력 최원철(현역) 국힘 지지층 86.9%, 20대 59.2% 60대 50% 50대 47% 높은경쟁력 - dc official App"
경기 여주시장,한국갤럽,이충우,46.0,박시선,37.0,9.0,https://gall.dcinside.com/mgallery/board/view/?id=minjudang&no=5069036&exception_mode=recommend&search_head=100&page=2,한국갤럽 : 경기 여주시장 박시선 37% 이충우 46%,"(전략)한편 여주시 응답자들의 정당 지지도는 더불어민주당이 42%, 국민의힘이 30%로 조사됐다. 조국혁신당이 2%, 개혁신당이 2%, 진보당은 1%, 그 외 정당이 1%로 각각 나타났다. 지지 정당이 없다는 응답률은 14%였다. 모름/응답 거절은 8%였다.■ 이번 여론조사는 경인일보가 여론조사 전문기관 한국갤럽조사연구소에 의뢰해 지난 10~11일 이틀간 여주시에 거주하는 만 18세 이상 남녀 502명을 대상으로 진행했다. 휴대전화 가상(안심)번호를 무작위로 추출해 100% 전화 조사원 인터뷰(CATI)를 실시했다. 표본오차는 95% 신뢰수준에서 ±4.4%p, 응답률은 17.1%다. 2026년 4월 말 행정안전부 주민등록 인구를 기준으로 성별, 연령별, 지역별 가중치(셀가중)를 적용했다. 자세한 사항은 중앙선거여론조사심의위원회 홈페이지를 참조하면 된다."
부산 사상구청장,한국리서치,서태경,36.0,이대훈,24.0,12.0,https://gall.dcinside.com/mgallery/board/view/?id=minjudang&no=5069184&exception_mode=recommend&search_head=100&page=2,한국리서치 : 부산 사상구청장 서태경 36% 이대훈 24% 조병길 10%,"[조사개요]조사의뢰 : KBS부산총국조사기관 : (주)한국리서치조사지역 : 해운대구·부산진구·북구·연제구·사상구·영도구조사일자 : 해운대구, 부산진구, 영도구 5월7일(목)~5월8일(금)북구, 사상구 5월 8일(금)~10일(일)연제구 5월 7일(목)~5월 9일(토)조사대상 : 각 지역 거주 만 18세 이상 남녀표본크기 : 각 500명피조사자선정방법 : 3개 통신사 제공 휴대전화 가상번호 100% 무작위 추출조사방법 : 면접원에 의한 전화면접조사응답률 : 해운대구 20.3%, 부산진구 19.2%, 북구23.7%, 연제구 21%, 사상구 17.9%영도구 26.5%가중치 부여방식 : 지역별, 성별, 연령별 가중치 부여 (2026년 4월 말 행정안전부 주민등록 인구 기준)표본오차 : 95% 신뢰수준에 ±4.4%p이상 자세한 사항은 중앙선거여론조사심의위원회 홈페이지 참조"
부산 부산진구청장,한국리서치,서은숙,35.0,김영욱,32.0,3.0,https://gall.dcinside.com/mgallery/board/view/?id=minjudang&no=5069182&exception_mode=recommend&search_head=100&page=2,한국리서치 : 부산 부산진구청장 서은숙 35% 김영욱 32%,"[조사개요]조사의뢰 : KBS부산총국조사기관 : (주)한국리서치조사지역 : 해운대구·부산진구·북구·연제구·사상구·영도구조사일자 : 해운대구, 부산진구, 영도구 5월7일(목)~5월8일(금)북구, 사상구 5월 8일(금)~10일(일)연제구 5월 7일(목)~5월 9일(토)조사대상 : 각 지역 거주 만 18세 이상 남녀표본크기 : 각 500명피조사자선정방법 : 3개 통신사 제공 휴대전화 가상번호 100% 무작위 추출조사방법 : 면접원에 의한 전화면접조사응답률 : 해운대구 20.3%, 부산진구 19.2%, 북구23.7%, 연제구 21%, 사상구 17.9%영도구 26.5%가중치 부여방식 : 지역별, 성별, 연령별 가중치 부여 (2026년 4월 말 행정안전부 주민등록 인구 기준)표본오차 : 95% 신뢰수준에 ±4.4%p이상 자세한 사항은 중앙선거여론조사심의위원회 홈페이지 참조"
부산 해운대구청장,한국리서치,홍순헌,41.0,김성수,35.0,6.0,https://gall.dcinside.com/mgallery/board/view/?id=minjudang&no=5069181&exception_mode=recommend&search_head=100&page=2,한국리서치 : 부산 해운대구청장 홍순헌 41% 김성수 35%,"[조사개요]조사의뢰 : KBS부산총국조사기관 : (주)한국리서치조사지역 : 해운대구·부산진구·북구·연제구·사상구·영도구조사일자 : 해운대구, 부산진구, 영도구 5월7일(목)~5월8일(금)북구, 사상구 5월 8일(금)~10일(일)연제구 5월 7일(목)~5월 9일(토)조사대상 : 각 지역 거주 만 18세 이상 남녀표본크기 : 각 500명피조사자선정방법 : 3개 통신사 제공 휴대전화 가상번호 100% 무작위 추출조사방법 : 면접원에 의한 전화면접조사응답률 : 해운대구 20.3%, 부산진구 19.2%, 북구23.7%, 연제구 21%, 사상구 17.9%영도구 26.5%가중치 부여방식 : 지역별, 성별, 연령별 가중치 부여 (2026년 4월 말 행정안전부 주민등록 인구 기준)표본오차 : 95% 신뢰수준에 ±4.4%p이상 자세한 사항은 중앙선거여론조사심의위원회 홈페이지 참조"
인천 서해구청장,한길리서치,구재용,46.7,강범석,37.2,9.5,https://gall.dcinside.com/mgallery/board/view/?id=minjudang&no=5069133&exception_mode=recommend&search_head=100&page=2,한길리서치 : 인천 서해구청장 구재용 46.7% 강범석 37.2%,※ 이번 조사는 인천일보가 여론조사 전문기관 ㈜한길리서치에 의뢰해 지난 9~10일 인천 서구(검단구 제외)에 거주하는 만 18세 이상 남녀 500명을 대상으로 진행했다. 표본은 성별·연령별·지역별 할당 무작위 추출해 무선(가상번호) ARS 100% 방법으로 조사됐다. 응답률은 5.9%이며 지난 3월 말 행정안전부 주민등록 인구 기준으로 성별·연령별·지역별 가중값을 부여했다. 표본오차는 95% 신뢰수준에 ±4.4%p다. 자세한 내용은 중앙선거여론조사심의위원회 누리집 참조.p.s 서구는 검단구로 넘어가는 구역빼고 서해구로 개칭할 예정이라 해당 여조 그래프에선 서구라고 써놨지만 여조글 제목에 서해구로 썼음.(여심위에도 서해구도 써놓기도 했음)
부산 영도구청장,한국리서치,김철훈,42.0,안성민,19.0,23.0,https://gall.dcinside.com/mgallery/board/view/?id=minjudang&no=5069186&exception_mode=recommend&search_head=100&page=2,한국리서치 : 부산 영도구청장 김철훈 42% 안성민 19% 김기재 9%,"[조사개요]조사의뢰 : KBS부산총국조사기관 : (주)한국리서치조사지역 : 해운대구·부산진구·북구·연제구·사상구·영도구조사일자 : 해운대구, 부산진구, 영도구 5월7일(목)~5월8일(금)북구, 사상구 5월 8일(금)~10일(일)연제구 5월 7일(목)~5월 9일(토)조사대상 : 각 지역 거주 만 18세 이상 남녀표본크기 : 각 500명피조사자선정방법 : 3개 통신사 제공 휴대전화 가상번호 100% 무작위 추출조사방법 : 면접원에 의한 전화면접조사응답률 : 해운대구 20.3%, 부산진구 19.2%, 북구23.7%, 연제구 21%, 사상구 17.9%영도구 26.5%가중치 부여방식 : 지역별, 성별, 연령별 가중치 부여 (2026년 4월 말 행정안전부 주민등록 인구 기준)표본오차 : 95% 신뢰수준에 ±4.4%p이상 자세한 사항은 중앙선거여론조사심의위원회 홈페이지 참조"
부산 북구청장,한국리서치,정명희,41.0,오태원,31.0,10.0,https://gall.dcinside.com/mgallery/board/view/?id=minjudang&no=5069183&exception_mode=recommend&search_head=100&page=2,한국리서치 : 부산 북구청장 정명희 41% 오태원 31%,"[조사개요]조사의뢰 : KBS부산총국조사기관 : (주)한국리서치조사지역 : 해운대구·부산진구·북구·연제구·사상구·영도구조사일자 : 해운대구, 부산진구, 영도구 5월7일(목)~5월8일(금)북구, 사상구 5월 8일(금)~10일(일)연제구 5월 7일(목)~5월 9일(토)조사대상 : 각 지역 거주 만 18세 이상 남녀표본크기 : 각 500명피조사자선정방법 : 3개 통신사 제공 휴대전화 가상번호 100% 무작위 추출조사방법 : 면접원에 의한 전화면접조사응답률 : 해운대구 20.3%, 부산진구 19.2%, 북구23.7%, 연제구 21%, 사상구 17.9%영도구 26.5%가중치 부여방식 : 지역별, 성별, 연령별 가중치 부여 (2026년 4월 말 행정안전부 주민등록 인구 기준)표본오차 : 95% 신뢰수준에 ±4.4%p이상 자세한 사항은 중앙선거여론조사심의위원회 홈페이지 참조"
부산 북갑,한국리서치,하정우,37.0,한동훈,30.0,7.0,https://gall.dcinside.com/mgallery/board/view/?id=minjudang&no=5069175&exception_mode=recommend&search_head=100&page=2,한국리서치 : 부산 북갑 하정우 37% 박민식 17% 한동훈 30%,"[조사개요]조사의뢰 : KBS부산총국조사기관 : (주)한국리서치조사지역 : 부산 북구갑조사일자 : 5월 8일(금)~10일(일)조사대상 : 부산 북구갑 거주 만 18세 이상 남녀표본크기 : 500명피조사자선정방법 : 3개 통신사 제공 휴대전화 가상번호 100% 무작위 추출조사방법 : 면접원에 의한 전화면접조사응답률 : 22.7%가중치 부여방식 : 지역별, 성별, 연령별 가중치 부여 (2026년 4월 말 행정안전부 주민등록 인구 기준)표본오차 : 95% 신뢰수준에 ±4.4%p이상 자세한 사항은 중앙선거여론조사심의위원회 홈페이지 참조"
부산시장,미상,전재수,48.1,박형준,38.2,9.9,https://gall.dcinside.com/mgallery/board/view/?id=minjudang&no=5068717&exception_mode=recommend&search_head=100&page=2,부산시장 전재수 48.1% vs 박형준 38.2%,
부산시장,뉴데일리-리서치웰,전재수,48.1,박형준,38.2,9.9,https://gall.dcinside.com/mgallery/board/view/?id=minjudang&no=5068716&exception_mode=recommend&search_head=100&page=2,뉴데일리-리서치웰 : 부산시장 전재수 48.1% 박형준 38.2%,"뉴데일리 의뢰로 여론조사업체 '리서치웰'이 지난 9~10일 부산광역시 거주 만 18세 이상 남녀 1003명을 대상으로 무선 100%·구조화된 질문지를 활용한 자동응답(ARS) 방식으로 실시됐다. 응답률은 7.2%, 표본오차는 95% 신뢰수준에 ±3.1%포인트다.자세한 내용은 중앙선거여론조사심의위원회 홈페이지를 참조하면 된다."
인천 옹진군수,조원C&I,장정민,57.4,문경복,37.3,20.1,https://gall.dcinside.com/mgallery/board/view/?id=minjudang&no=5068640&exception_mode=recommend&search_head=100&page=2,조원C&I : 인천 옹진군수 장정민 57.4% 문경복 37.3%,"미디어경인이 조원씨앤아이에 의뢰해 지난 9일~10일 옹진군 거주 만 18세 이상 남녀 500명을 대상으로 실시한 여론조사(95% 신뢰수준, 표본오차 ±4.4%p) 결과, 투표의향층에서 장정민 후보가 57.4%를 얻어 37.3%에 그친 문경복 후보를 오차범위 밖에서 앞섰다.모두 7개 면으로 구성된 옹진군은 사람이 사는 유인도가 24개다. 이에 따라 1권역(백령·대청·연평면), 2권역(영흥면), 3권역(덕적·자월면), 4권역(북도면)으로 나눠 조사를 실시했다.권역별로 장 후보는 1권역(62.7%), 2권역(48.3%), 3권역(60.3%), 4권역(65.9%) 가운데 2권역을 제외하고 모두 60% 이상의 높은 지지율을 얻었다. 문 후보는 2권역에서 46.3%를 얻어 오차범위 내 접전을 벌였다. 연령대별로도 장 후보는 30대(문경복 62.6%)를 제외하고 모든 연령대에서 앞섰다.전통적으로 보수 성향이 강한 서해5도인 1권역에서 장 후보가 문 후보를 크게 앞서는 점이 눈에 띈다. 장 후보 출신이 백령도인 점이 크게 작용한 것으로 해석된다. 반면 문 후보는 자신의 출신지인 영흥도가 속한 2권역에서 오차범위 내 접전을 벌이는 데 그쳤다.당선가능성을 묻는 질문에서도 장 후보가 54.0%를 얻어 40.3%에 그친 문 후보를 오차범위 밖에서 앞섰다. 적극투표층에서도 장 후보가 58.2%로 38.2%의 문 후보를 20%p 차이로 앞섰다.정당별로는 장 후보가 더불어민주당 지지층의 81.5%의 지지를 얻은 반면, 문 후보는 국민의힘 지지층 가운데 61.4% 지지에 그쳤다. 이념성향별로도 진보층의 79.7%가 장 후보를 지지한다고 응답한 반면, 문 후보는 보수층의 55.7%만이 지지 의사를 밝혔다.정당지지도는 더불어민주당(45.5%)이 국민의힘(39.4%)을 6.1%p 앞섰으며, 기타 정당은 2.1%로 집계됐다.한편 인천시장 선거와 관련해 더불어민주당 박찬대, 국민의힘 유정복, 개혁신당 이기붕 후보 간 3자 대결에서는 유 후보가 45.0%를 얻어 박 후보(43.4%)를 오차범위 내이지만 앞서는 것으로 나타났다. 이 후보는 3.5%를 얻었다.선거 공감도와 관련해서는 '국정 지원을 위해 여당에 힘을 실어줘야'가 44.1%, '정권 견제를 위해 야당에 힘을 실어줘야'가 42.9%로 의견이 팽팽히 갈렸다.(후략)조사개요이번 조사는 미디어경인 의뢰로 조원씨앤아이가 2026년 5월 9일~10일 2일간 인천광역시 옹진군 거주 18세 이상 남녀 대상으로 ARS 여론조사(휴대전화 가상번호 84.4%와 가구전화 RDD 15.6% 혼용, 성, 연령대, 지역별 비례할당 무작위 추출)를 실시한 결과이며 표본수는 500명(총 통화시도 무선 3207명, 유선 723명으로 3,930명)이며, 응답률은 12.7%(무선 13.2%, 유선 10.8%), 표본오차는 95% 신뢰수준에 ±4.4%p이다. 그 밖의 사항은 중앙선거여론조사심의위원회 홈페이지 참조 ※ 가중치 부여 방식: 성별, 연령별, 지역별 가중값 부여(2026년 4월말 행정안전부 발표 주민등록인구기준)"
전북지사 적합도…,미상,김관영,43.2,이원택,39.7,3.5,https://gall.dcinside.com/mgallery/board/view/?id=minjudang&no=5068174&exception_mode=recommend&search_head=100&page=2,"전북지사 적합도…김관영 43.2%, 이원택 39.7% '초접전'","뉴스1 전북취재본부가 9~10일 여론조사 전문업체 조원씨앤아이에 의뢰해 전북도에 거주하는 18세 이상 남녀 1000명을 대상으로 전북지사 적합도를 묻는 여론조사를 실시한 결과 응답자의 43.2%가 무소속 김관영 예비후보를, 39.7%가 이원택 예비후보라고 응답했다. 두 후보 간 격차는 오차범위 내인 3.5%p로 나타났다.이번 여론조사는 인구비례에 따라 통신사로부터 받은 휴대전화 가상번호를 이용한 자동응답 조사(ARS) 방식으로 진행됐다. 올 4월 말 주민등록 인구통계를 기준으로 성·연령·지역별 비례 할당 후 무작위 추출로 표집했으며, 표본오차는 95% 신뢰수준에 최대 허용오차 ±3.1%p, 응답률은 14.8%였다.그 밖의 사항은 중앙선거여론조사심의위원회 홈페이지를 참고하면 된다.https://www.news1.kr/local/jeonbuk/6162382"
,미상,-,0.0,-,0.0,0.0,https://gall.dcinside.com/mgallery/board/view/?id=minjudang&no=5068129&exception_mode=recommend&search_head=100&page=2,성동구청장 유보화(민) 45.4% 고재현(국) 34.0%,- dc official App
세종시장,공정,조상호,51.1,최민호,31.9,19.2,https://gall.dcinside.com/mgallery/board/view/?id=minjudang&no=5068006&exception_mode=recommend&search_head=100&page=2,공정 : 세종시장 조상호 51.1% 최민호 31.9%,"세종포스트가 여론조사공정(주)에 의뢰해 5월 8일과 9일 실시한 여론조사 결과다. 조사는 세종시 거주 만 18세 이상 남녀 801명을 대상으로 실시됐다.이번 조사의 응답률은 7.0%, 표본오차는 95% 신뢰수준에 ±3.5%p다. 무선 ARS 100%, 구조화된 설문지를 이용한 무선 ARS전화조사 방법을 사용했다. 자세한 내용은 중앙선거여론조사심의위원회 홈페이지에서 확인할 수 있다."
,미상,-,0.0,-,0.0,0.0,https://gall.dcinside.com/mgallery/board/view/?id=minjudang&no=5067664&exception_mode=recommend&search_head=100&page=2,여조꽃 정례조사,여론조사개요는 첨부된 마지막 사진 확인바람이상 자세한 사항은 중앙선거여론조사심의위원회 홈페이지 참조
충남 아산을,이너텍,전은수,46.9,김민경,30.8,16.1,https://gall.dcinside.com/mgallery/board/view/?id=minjudang&no=5067961&exception_mode=recommend&search_head=100&page=2,이너텍 : 충남 아산을 전은수 46.9% 김민경 30.8%,여론조사개요는 첨부된 마지막 사진 확인바람이상 자세한 사항은 중앙선거여론조사심의위원회 홈페이지 참조
충남도지사,리얼미터,박수현,50.1,김태흠,37.3,12.8,https://gall.dcinside.com/mgallery/board/view/?id=minjudang&no=5067951&exception_mode=recommend&search_head=100&page=2,리얼미터 : 충남도지사 박수현 50.1% 김태흠 37.3%,"이번 여론조사는 <굿모닝충청>이 (주)리얼미터에 의뢰해 충남 거주 만 18세 이상 남녀 805명을 대상으로 지난 5월 8일부터 9일까지 진행했으며, 표본구성은 무선 전화 가상번호 100%, 표본추출방법은 성별·연령대별·권역별 인구 구성비에 따른 비례할당추출이다.표집틀은 국내 통신사(SKT·KT·LGU+) 제공 무선 전화 가상번호 리스트다.조사 방법은 구조화된 설문지를 이용한 자동응답(ARS) 조사이며, 2026년 3월 말 행정안전부 주민등록통계 기준 성별·연령대별·권역별 가중(림가중)을 부여했다.응답률은 8.0%(총 응답 1만22명 중 805명 응답 완료)이며, 표본오차는 95% 신뢰수준에서 ±3.5%p다. 기타 자세한 내용은 중앙선거여론조사심의위원회 누리집을 참조하면 된다."
,리얼미터,이재명,59.7,민주,48.7,11.0,https://gall.dcinside.com/mgallery/board/view/?id=minjudang&no=5067642&exception_mode=recommend&search_head=100&page=2,리얼미터 : 이재명 59.7% 민주 48.7% 국힘 30.9%,
,미상,-,0.0,-,0.0,0.0,https://gall.dcinside.com/mgallery/board/view/?id=minjudang&no=5066546&exception_mode=recommend&search_head=100&page=2,전남 순천시장 노관규(무) 40.2% 손훈모(민) 37.2%,"이성수(진) 15.7% 정당지지도 조사에서는 더불어민주당이 66.5%로 압도적 우위를 기록했다. 이어 진보당 8.7%, 조국혁신당 6.3%, 국민의힘 4.4% 순으로 조사됐다. 이번 여론조사는 무선전화 가상번호(100%)를 활용한 자동응답조사 방식으로 진행했다. 응답률은 11.2%이며, 표본오차는 95% 신뢰수준에서 ±4.3%p다. 통계보정은 2026년 4월 말 행정안전부 발표 주민등록 인구 기준에 따라 성별, 연령별, 지역별 셀가중값을 적용했다. 보다 자세한 내용은 중앙선거여론조사심의위원회 홈페이지(www.nesdc.go.kr)에서 확인할 수 있다. 출처 : 남도일보(https://www.namdonews.com) - dc official App"
경기 양평군,데일리리서치,민주,42.1,국힘,40.3,1.8,https://gall.dcinside.com/mgallery/board/view/?id=minjudang&no=5066551&exception_mode=recommend&search_head=100&page=2,데일리리서치 : 경기 양평군 민주 42.1% 국힘 40.3%,"6·3 지방선거에서 양평군수 자리를 노리는 거대 양당 후보의 지지도를 조사한 결과, 국민의힘 소속 전진선 군수와 박은미 더불어민주당 전략기획위원회 부위원장이 오차범위 안에서 초접전 양상을 보였다.10일 중부일보 의뢰로 여론조사기관 ㈜데일리리서치가 양평군 거주 만 18세 이상 남녀 501명을 대상으로 지난 8일부터 9일까지 이틀간 실시한 여론조사 결과(95% 신뢰수준에 오차범위 ±4.4%p)에 따르면 박은미 부위원장은 45.6%에 달하는 지지도를 얻었다. 전진선 군수는 43.8%를 획득하면서 두 후보의 지지도 격차는 오차범위 안인 1.8%p에 불과했다.기타 인물은 4.1%, 없다는 2.8%, 잘 모르겠다는 3.8%로 집계됐다.https://www.joongboo.com/news/articleView.html?idxno=363725185 [중부일보 여론조사] 양평군수 적합도, 박은미·전진선 오차범위 내 초접전 - 중부일보 6·3 지방선거에서 양평군수 자리를 노리는 거대 양당 후보의 지지도를 조사한 결과, 국민의힘 소속 전진선 군수와 박은미 더불어민주당 전략기획위원회 부위원장이 오차범위 안에서 초접전 양상을 보였다.www.joongboo.com10일 중부일보 의뢰로 여론조사기관 ㈜데일리리서치가 양평군 거주 만 18세 이상 남녀 501명을 대상으로 지난 8일부터 9일까지 이틀간 실시한 여론조사 결과(95% 신뢰수준에 오차범위 ±4.4%p)에 따르면 더불어민주당의 지지율은 42.1%로 집계됐다. 국민의힘은 40.3%를 얻으면서 두 지지율 차이는 오차범위 안인 1.8%p에 그친다.조국혁신당은 2.8%, 진보당은 0.3%, 개혁신당은 2.3%로 조사됐다. 기타 정당은 2.2%, 없다는 8.6%, 잘 모르겠다는 1.4%다.https://www.joongboo.com/news/articleView.html?idxno=363725187 [중부일보 여론조사] 양평군민 정당지지도… 민주당 42.1% vs 국민의힘 40.3% - 중부일보 6·3 지방선거를 앞두고 양평군민들에 선호하는 정당 지지도를 묻자, 더불어민주당과 국민의힘의 지지도가 오차범위 안에 있는 것으로 나타났다.www.joongboo.com중부일보가 여론조사기관 ㈜데일리리서치에 의뢰해 실시한 이번 여론조사는 5월 8일부터 9일까지 이틀간 양평군에 거주하는 만 18세 이상 남녀 501명을 대상으로 구조화된 설문지를 이용해 유선 RDD와 통신사가 제공한 무선 가상번호 ARS 여론조사 방식(무작위추출)으로 진행됐다. 무선 비율은 80%, 유선 비율은 20%다. 표본오차는 95% 신뢰수준에 ±4.4%p, 응답률은 5.5%다. 통계보정은 2026년 4월 말 행정안전부 주민등록 인구통계 기준 성별·연령별·지역별 가중값(셀가중)을 부여했다. 자세한 내용은 중앙선거여론조사심의위원회 홈페이지를 참고하면 된다."
경기 의정부시장,조원C&I,김원기,50.4,김동근,36.9,13.5,https://gall.dcinside.com/mgallery/board/view/?id=minjudang&no=5066694&exception_mode=recommend&search_head=100&page=2,조원C&I : 경기 의정부시장 김원기 50.4 김동근 36.9%,"이번 조사는 경기일보 의뢰로 조원씨앤아이가 2026년 5월8~9일 2일간 경기도 의정부시 거주 18세 이상 남녀 대상으로 ARS 여론조사(휴대전화 가상번호 100%, 성, 연령대, 지역별 비례할당 무작위 추출)를 실시한 결과이며 표본수는 500명(총 통화 시도 6천777명·응답률 7.4%), 표본오차는 95% 신뢰수준에 ±4.4%포인트임. 그 밖의 사항은 중앙선거여론조사심의위원회 홈페이지 참조. ※가중치 부여 방식: 성별, 연령별, 지역별 가중값 부여(2026년 4월 말 행정안전부 발표 주민등록인구 기준)"
하남시,한길리서치,추미애,54.3,양향자,25.3,29.0,https://gall.dcinside.com/mgallery/board/view/?id=minjudang&no=5066621&exception_mode=recommend&search_head=100&page=2,"한길리서치: 하남시, 추미애 54.3% 양향자 25.3%","하남시 경기지사 지지율 추미애 54.3% 양향자 25.3% 조응천 10.1% 연령별 지지율 양향자, 70대이상에서만 42.3% 추미애 36.3% 60대, 추미애 43% 양향자 34.8% 조응천, 30대(19.3%) 제외 나머지서 한 자릿수 ○지지정당별 무당층, 양향자19.9% 조응천 14.6% 추미애 13% - dc official App"
경기 평택시,모노리서치,민주,45.8,국힘,23.0,22.8,https://gall.dcinside.com/mgallery/board/view/?id=minjudang&no=5065532&exception_mode=recommend&search_head=100&page=2,모노리서치 : 경기 평택시 민주 45.8% 국힘 23%,"더불어민주당 최원용 전 평택시 부시장과 국민의힘 차화열 전 제21대 대선 국민의힘 중앙선대위 민생 경제 특별 위원장의 당선가능성을 묻는 문항에서는 최원용 53.5%, 차화열 28.0%로 집계됐다. 양 후보의 격차는 25.5%p다. 기타 다른인물을 선택한 응답자는 4.2%, 지지하는 후보 없음은 3.0%, 잘 모르겠다/무응답은 11.3%다.가상 양자대결 조사에서도 최원용 후보가 53.9%로 차화열(29.4%) 후보에 24.5%p 차로 앞섰다. 지지후보 없음은 10.0%, 잘 모르겠다/무응답은 6.8%였다.지역별로는 최원용 후보가 평택갑 52.4%, 평택을 54.5%, 평택병 54.7%로 모든 선거구에서 과반이 넘는 지지율을 기록했다. 차화열 후보는 평택갑 30.4%, 평택을 31.8%, 평택병 25.8%다.정당지지도는 더불어민주당이 45.8%, 국민의힘이 23.0%로 집계됐다. 두 정당의 지지율 격차는 22.8%p다. 이어 조국혁신당(7.2%), 개혁신당(6.3%), 진보당(5.5%) 순이다. 무당층은 7.9%, 잘 모르겠다/무응답은 1.9%다.[조사개요] 조사대상 : 경기 평택시에 거주하는 만18세 이상 남·여 표본크기 : 유효 표본 수 500명 (유선:50건, 무선:450건) 응답률 : 9.8% 표본추출방법 : 인구비례할당 무작위 추출에 의한 유선전화 RDD(10%) SK, KT, LGU+로 부터 무작위 추출로 제공 받은 가상번호(90%) 표본오차 : 95% 신뢰수준에서 표본오차 ± 4.4%p 가중치보정 : 지역별, 성별, 연령별가중값부여 (2026년 4월말 행정안전부 주민등록 인구 기준), 셀가중 조사방법 : 유무선전화 ARS 전화조사 조사일자 : 2026년05월 07일 ~ 2026년 05월 08일 조사기관 : ㈜모노커뮤니케이션즈/ 모노리서치(02-333-4223) 여론조사와 관련한 자세한 내용은 중앙선거여론조사심의위원회 홈페이지에서 확인할 수 있다."
경남 김해시,이너텍,민주,49.6,국힘,31.7,17.9,https://gall.dcinside.com/mgallery/board/view/?id=minjudang&no=5065528&exception_mode=recommend&search_head=100&page=2,이너텍 : 경남 김해시 민주 49.6% 국힘 31.7%,"<프레시안>이 (주)이너텍시스템즈에 의뢰해 지난달 4월 30일부터 이달 5월 1일까지 2일간 김해지역에 거주하는 만 18세 이상 남녀 1005명을 대상으로, ARS여론조사시스템에 의한 전화로 무선가상번호(70%)+유선RDD(30%), 95% 신뢰수준에서 최대허용오차 +- 3.1%P으로 조사했다. 응답율 4.0%이다. 이번 여론조사에서 정당지지율에서는 △더불어민주당 49.6% △국민의힘 31.7% △조국혁신당 3.0% △진보당 2.5% △개혁신당 1.9% △기타정당 2.5% △지지정당없다 7.3% △잘모름 1.4%였다. 이에 따라 후보 지지율은 △정영두 46.7% △홍태용 38.4% △이봉수 3.9% △박봉열 3.0% △기타인물 1.9% △투표할인물없다 2.7% △잘모름 3.5%으로 나타났다. 기타 자세한 사항은 중앙선거여론조사심의위원회 홈페이지 참조하면 된다. https://v.daum.net/v/20260509232111176 김해시장 선거 혼전...""진보진영 결집이 관건""6.3 지방선거가 20여 일이 다가온 가운데 여야 김해시장 선거전이 혼전 양상을 보이고 있다. 하지만 선거 판세는 아직까지 뚜렷지 않은 모양새다. <프레시안>이 (주)이너텍시스템즈에 의뢰해 지난달 4월 30일부터 이달 5월 1일까지 2일간 김해지역에 거주하는 만 18세 이상 남녀 1005명을 대상으로, ARS여론조사시스템에 의한 전화로 무선가상번호(70%)v.daum.net - dc official App"
경기 포천시장,미상,백영현,52.2,박윤국,38.6,13.6,https://gall.dcinside.com/mgallery/board/view/?id=minjudang&no=5061363&exception_mode=recommend&search_head=100&page=2,[포천뉴스-리얼미터] 경기 포천시장 백영현 52.2 박윤국 38.6,* 그 밖의 자세한 사항은 중앙선거여론조사심의위원회 홈페이지(www.nessc.go.kr) 참조 - 희망은 힘이 세다
,KSOI,-,0.0,-,0.0,0.0,https://gall.dcinside.com/mgallery/board/view/?id=minjudang&no=5064255&exception_mode=recommend&search_head=100&page=2,KSOI : 전남 함평군수,"이번 조사는 ‘전남희망신문’이 여론 조사 기관인 ‘한국사회여론연구소(KSOI)’에 의뢰해 5월 7일~8일 이틀 동안 실시해 9일 발표한 ‘차기 함평군수 후보 지지도’를 묻는 조사에서 49.7%를 득표한 이윤행 조국혁신당 후보가, 39.5%를 얻은 이남오 더불어민주당 후보를 10.2% 차이로 ‘오차범위 밖’에서 앞서는 것으로 조사됐다.이어 무소속 이행섭 후보가 4.1%, 그 외 다른 인물 2.4%, 없음 1.6%, 잘 모르겠음 2.7% 등 으로 조사됐다.🔼 투표할 의향에 대한 질문에서는 반드시 투표할 것 94.4%, 가급적 투표할 것 4.1%, 투표할 생각이 없다 1.0%, 전혀 투표할 생각이 없다 0.1%, 잘 모름 0.5% 등으로 투표하겠다는 응답이 98.5%로 높게 나타났다.🔼 계속 지지 여부 질문에는 ‘계속 지지 하겠다’ 80.3%, ‘상황에 따라 바뀔 수 있다’ 18.5%, ‘잘모름’ 1.3% 등으로 확인됐다.🔼 정당 지지도는 더불어민주당 65.3%, 조국혁신당 19.8%, 국민의힘 4.5%, 없음 2.9%, 진보당 2.6%, 개혁신당 2.1%, 그 외 정당 1.6%, 잘 모름 1.2% 등 순으로 조사됐다.조사개요이번 여론조사는 제9회 전국동시지방선거 함평군수 선거와 관련해 전남희망신문이 여론조사기관인 한국사회여론연구소(KSOI)에 의뢰해 5월 7일부터 8일까지 이틀 동안 휴대전화 가상번호 100%에서 무작위로 추출한 전남 함평군 만 18세 이상 남 녀 810명을 대상으로 100% ARS 방식 응답률 15.6%로 집계된 조사이며, 표본오차는 95% 신뢰수준에 ±3.4%p로 가중값 산출 및 적용 방법은 4월 말 행정안전부 주민등록 인구통계 기준 연령 별 성별 권역별 가중치 부여 방식으로 이뤄졌다.한편, 기사에 인용된 여론조사에 대한 자세한 내용은 중앙선거여론조사심의위원회 홈페이지를 참고하면 된다."
부산 강서구청장 민주,미상,박상준,47.2,김형찬,37.2,10.0,https://gall.dcinside.com/mgallery/board/view/?id=minjudang&no=5060890&exception_mode=recommend&search_head=100&page=2,"부산 강서구청장, 민주 박상준 47.2% vs 국힘 김형찬 37.2%","https://n.news.naver.com/mnews/article/002/0002440649?sid=100 부산 강서구청장, 민주 박상준 47.2% vs 국힘 김형찬 37.2%[여론조사 동향]부산광역시 강서구청장 선거 여론조사에서 더불어민주당 박상준 후보가 국민의힘 김형찬 후보를 오차범위 밖에서 앞선다는 여론조사 결과가 8일 나왔다. 이 한국사회여론연구소(KSOI)에 의뢰해 지난 6~7일 부산시 강서구 n.news.naver.com조사방법 : 구조화된 설문지를 이용한 자동응답(ARS) 조사 모집단 : 부산광역시 강서구 거주 만 18세 이상 유권자 표본수 : 503명 피조사자선정방법 : 무선 ARS 자동응답 조사 (무선 100%) - 통신사 제공 휴대전화 가상번호 활용 표본오차 : 95% 신뢰수준에서 ± 4.4%p 응답률 : 6.4% 가중값 산출 및 적용 : 성, 연령, 지역별 가중치 부여(셀가중) - 2026년 4월말 행정안전부 주민등록 인구 기준 조사기간 : 2026년 5월 6일~5월 7일 조사기관 : 한국사회여론연구소(KSOI) 자세한 사항은 중앙선거여론조사심의위원회 홈페이지 참조. - dc official App"
,여조꽃,-,0.0,-,0.0,0.0,https://gall.dcinside.com/mgallery/board/view/?id=minjudang&no=5060651&exception_mode=recommend&search_head=100&page=2,여조꽃 : 대구,여론조사개요는 첨부된 마지막 사진 확인바람이상 자세한 사항은 중앙선거여론조사심의위원회 홈페이지 참조
,여조꽃,-,0.0,-,0.0,0.0,https://gall.dcinside.com/mgallery/board/view/?id=minjudang&no=5060645&exception_mode=recommend&search_head=100&page=2,여조꽃 : 울산 남갑,여론조사개요는 첨부된 마지막 사진 확인바람이상 자세한 사항은 중앙선거여론조사심의위원회 홈페이지 참조
,여조꽃,-,0.0,-,0.0,0.0,https://gall.dcinside.com/mgallery/board/view/?id=minjudang&no=5060643&exception_mode=recommend&search_head=100&page=2,여조꽃 : 경기 안산갑,여론조사개요는 첨부된 마지막 사진 확인바람이상 자세한 사항은 중앙선거여론조사심의위원회 홈페이지 참조
강원 강릉시,에이스리서치,국힘,43.6,민주,38.9,4.7,https://gall.dcinside.com/mgallery/board/view/?id=minjudang&no=5060318&exception_mode=recommend&search_head=100&page=2,에이스리서치 : 강원 강릉시 민주 38.9% 국힘 43.6%,"차기 도지사 지지율 조사에서는 국민의힘 김진태 후보 46.4%, 더불어민주당 우상호 후보 46.2%로 초접전이었다. [2026 지방선거 강릉시장 여론조사 개요]■ 조사의뢰 : 강원일보■ 조사기관 : 에이스리서치■ 조사일자 : 2026년 5월 5일 ~ 5월 6일(2일간)■ 대상: 강원특별자치도 강릉시에 거주하는 만 18세 이상 남녀 504명■ 조사방법 : 구조화된 설문지를 이용한 ARS 조사(무선 100%)■ 피조사자 선정 방법 : 통신 3사 제공 무선 가상번호■ 응답률 : 7.6%(전체 1만4,997명의 통화시도 중 통화성공 6,669명, 응답완료 504명, 응답률 7.6%)■ 오차 보정 방법 : 2026년 4월 말 행정안전부 발표 주민등록인구통계 기준 셀가중 방식으로 성별·연령대별·지역별 가중치 부여■ 표본오차 : 95% 신뢰수준에 ±4.4%포인트■ 내용 : 정당 지지도 및 차기 강릉시장 지지도, 선택기준, 차기 강원특별자치도지사 지지도 등(중앙선거여론조사심의위원회 홈페이지 참조)"
경남 창원시장,모노리서치,송순호,42.4,강기윤,39.1,3.3,https://gall.dcinside.com/mgallery/board/view/?id=minjudang&no=5059871&exception_mode=recommend&search_head=100&page=2,모노리서치 : 경남 창원시장 송순호 42.4% 강기윤 39.1%,"※이번 조사는 경남신문 의뢰로 모노리서치가 지난 4~5일 창원시에 거주하는 만 18세 이상 남녀 501명을 대상으로 무선전화 ARS 조사 방식으로 진행했다. 응답률은 7.2%였으며, 표본오차는 95% 신뢰 수준에 ±4.4%포인트다. 이동통신 3사에서 무작위 추출로 제공받은 가상번호로 피조사자를 선정했다. 가중치 보정은 올해 4월 말 행정안전부 주민등록 인구 기준 성별, 연령별, 지역별 셀 가중 부여 방식을 사용했다.자세한 사항은 중앙선거여론조사심의위원회 누리집(홈페이지)을 참고하면 된다."
경남 통영시장,KSOI,천영기,43.7,강석주,40.7,3.0,https://gall.dcinside.com/mgallery/board/view/?id=minjudang&no=5059775&exception_mode=recommend&search_head=100&page=2,KSOI : 경남 통영시장 강석주 40.7% 천영기 43.7%,여론조사개요는 첨부된 마지막 사진 확인바람이상 자세한 사항은 중앙선거여론조사심의위원회 홈페이지 참조
경남 거제시장,KSOI,변광용,47.4,김선민,33.3,14.1,https://gall.dcinside.com/mgallery/board/view/?id=minjudang&no=5059770&exception_mode=recommend&search_head=100&page=2,KSOI : 경남 거제시장 변광용 47.4% 김선민 33.3%,여론조사개요는 첨부된 마지막 사진 확인바람이상 자세한 사항은 중앙선거여론조사심의위원회 홈페이지 참조
JTBC여조) 부산 북갑,미상,하정우,37.0,박민식,26.0,11.0,https://gall.dcinside.com/mgallery/board/view/?id=minjudang&no=5059130&exception_mode=recommend&search_head=100&page=2,"JTBC여조) 부산 북갑, 하정우 37% 박민식 26% 한동훈 25%","https://n.news.naver.com/article/437/0000490454?sid=100 [JTBC 여론조사]부산 북갑, 하정우 37% 박민식 26% 한동훈 25%...양자대결 물었더니 오차범위 내 '박빙'JTBC가 6.3 지방선거와 함께 '미니총선급'으로 치러지는 재ㆍ보궐 선거 격전지 여론조사 결과를 7일 발표합니다. 먼저 더불어민주당 전재수 전 의원의 부산시장 선거 출마로 공석이 된 부산 북갑 지역입니다. 민주당에n.news.naver.com"
대구 달성군 보궐선거,미상,이진숙,38.9,박형룡,30.4,8.5,https://gall.dcinside.com/mgallery/board/view/?id=minjudang&no=5059527&exception_mode=recommend&search_head=100&page=2,대구 달성군 보궐선거 박형룡 30.4% vs 이진숙 38.9%,"https://n.news.naver.com/mnews/article/056/0012176735?sid=162 대구 달성군 보궐선거 박형룡 30.4% vs 이진숙 38.9%27일 앞으로 다가온 제9회 전국동시지방선거. 국민의힘 대구시장 후보가 된 추경호 국회의원이 사퇴하면서 그 지역구인 대구 달성군에선 국회의원 보궐선거도 함께 치러집니다. ■달성군 국회의원 보궐선거 - 박형룡 30.4n.news.naver.com [조사 개요] - 대구 달성군 보궐선거, 달성군수 의뢰처 : KBS대구방송총국 모집단 : 대구광역시 달성군에 거주하는 만 18세 이상 남녀 표집 틀 : 3개 통신사에서 제공된 휴대전화 가상(안심) 번호 - SKT(7,513개), KT(4,495개), LGU+(2,992개) 가입자 리스트로부터 무작위 추출 표본크기 : 500명 표본추출 : 성·연령·지역별 층화 확률추출 피조사 선정방법 : 성·연령·지역으로 층화된 가상번호 내 무작위추출 표본오차 : 무작위추출을 전제할 경우, 95% 신뢰수준에서 최대허용 표본오차는 ±4.4%p 조사방법 : 면접원에 의한 전화면접조사 가중치 부여 방식 : 지역별, 성별, 연령별 가중치 부여(셀 가중) (2026년 3월 말 행정안전부 발표 주민등록 인구 기준) 응답률 : 19.2% (총 2,604명과 통화하여 그중 500명 응답 완료) 조사일시 : 5월 5일 ~ 6일(2일간) - 5월 5일 : 09시 57분 ~ 17시 16분 - 5월 6일 : 09시 32분 ~ 11시 53분 조사기관 : (주)한국리서치(대표이사 노익상) [다운로드] 03 KBS대구 달성군민 지방선거 여론조사(0505~0506)_결과표_20260506.pdfhttps://news.kbs.co.kr/datafile/2026/05/07/307961778140702405.pdf내가 지금 뭘 보고 있는거지? 달성군 보궐에서 ±4.4%p 오차범위 내라고? 실환가? - dc official App"
경남도지사,미상,김경수,44.0,박완수,38.0,6.0,https://gall.dcinside.com/mgallery/board/view/?id=minjudang&no=5059548&exception_mode=recommend&search_head=100&page=2,경남도지사 김경수44 박완수38 전희영3,
대구시장,미상,추경호,41.0,김부겸,40.0,1.0,https://gall.dcinside.com/mgallery/board/view/?id=minjudang&no=5059528&exception_mode=recommend&search_head=100&page=2,대구시장 김부겸40 추경호41,
대구시장,한국리서치,김부겸,41.0,추경호,37.0,4.0,https://gall.dcinside.com/mgallery/board/view/?id=minjudang&no=5059510&exception_mode=recommend&search_head=100&page=2,한국리서치 : 대구시장 김부겸 41% 추경호 37%,여론조사개요는 첨부된 마지막 사진 확인바람이상 자세한 사항은 중앙선거여론조사심의위원회 홈페이지 참조
북구갑 양자,미상,하정우,44.0,하정우,42.0,2.0,https://gall.dcinside.com/mgallery/board/view/?id=minjudang&no=5059458&exception_mode=recommend&search_head=100&page=2,북구갑 양자 하정우44 박민식39 / 하정우42 한동훈36,
담양,코리아정보리서치,정철원,47.6,박종원,42.8,4.8,https://gall.dcinside.com/mgallery/board/view/?id=minjudang&no=5059258&exception_mode=recommend&search_head=100&page=2,"코리아정보리서치: 담양, 정철원 47.6% 박종원42.8%","정철원(현역) 47.6% 박종원 42.8% ○성별 지지율 정철원, 여성에서 높은지지율 박종원, 남성에서 높은지지율 ○연령별지지율 박종원, 30대 61.2% 정철원 34% 정철원, 60대 55.9% 박종원 33.6% ○민주당 지지층 지지율 박종원 57.6% 정철원 31% ○조혁당 지지층 지지율 정철원 92.4% ○담양군 정당지지율 민주 67% 조혁 22.5% - dc official App"
JTBC 경기 평택을,미상,조국,26.0,김용남,23.0,3.0,https://gall.dcinside.com/mgallery/board/view/?id=minjudang&no=5059074&exception_mode=recommend&search_head=100&page=2,"JTBC 경기 평택을, 조국 26% 김용남 23% 유의동 18%","https://news.jtbc.co.kr/article/NB12297358 [JTBC 여론조사]경기 평택을, 조국 26% 김용남 23% 유의동 18% ‘오차범위 내’JTBC가 6.3 지방선거와 함께 치러지는 ‘경기 평택을’ 재선거에 대한 여론조사 결과를 7일 발표합니다. 이 지역은 더불어민주당 김용남 후보...news.jtbc.co.krJTBC가 여론조사 기관 '메타보이스'에 의뢰해 지난 4~5일, 경기 평택을 지역에 거주하는 성인 남녀 502명에게 다섯 인물 중 누구를 지지하냐고 물었습니다. 조국혁신당 조국 후보 26%, 민주당 김용남 후보 23%, 국민의힘 유의동 후보 18%로 나타났습니다. 후보간 격차는 모두 오차범위 내입니다. 자유와혁신 황교안 후보가 11%, 진보당 김재연 후보가 6% 로 뒤를 이었습니다.민주당을 지지한다고 밝힌 응답자 중에선 45%가 김용남 후보에 대한 지지 의사를 밝혔지만, 39%는 조국 후보를 지지하겠다고 응답했습니다.여론조사와 관련한 관련한 자세한 소식은 잠시 후 6시 30분 JTBC 〈뉴스룸〉에서 전해드립니다.〈조사개요〉조사의뢰: JTBC조사일시: 2026년 5월 4~5일조사기관: 메타보이스㈜, ㈜리서치랩조사지역 및 대상: 경기도 평택을 선거구에 거주하는 만 18세 이상 남녀조사내용: 경기 평택을 다자 대결 지지 후보, 가상 양자 대결, 범여권 후보 단일화 필요도, 범야권 후보 단일화 필요도, 범여권 단일 후보 적합도, 범야권 단일 후보 적합도, 지방선거 성격 인식, 이재명 대통령 국정 운영 평가, 지지하는 정당 등조사방법: 무선100% 전화면접(CATI)표본오차: ±4.4%p (95% 신뢰수준)응답률: 11.6%표본의 크기: 502명피조사자 선정방법: 2026년 3월 말 주민등록인구통계에 따라 성별, 연령대별, 권역별 비례할당 후 무작위추출가중치 산출 및 적용 방법: 2026년 3월 말 행정안전부 주민등록 인구 기준 성별, 연령대별, 권역별 가중치 부여 (셀가중)"
부산 북갑,메타보이스,하정우,37.0,박민식,26.0,11.0,https://gall.dcinside.com/mgallery/board/view/?id=minjudang&no=5059052&exception_mode=recommend&search_head=100&page=2,메타보이스 : 부산 북갑 하정우 37% 박민식 26% 한동훈 25%,"지난 4~5일 JTBC가 여론조사 기관 '메타보이스'에 의뢰해 부산 북갑 지역 성인 남녀 501명에게 물은 결과, 민주당 하정우 후보를 지지한다는 응답이 37%로 나타났습니다. 국민의힘 박민식 후보를 지지한다는 응답 26%, 무소속 한동훈 후보를 지지한다는 응답 25%보다 오차범위 밖에서 높게 나타난 겁니다.국민의힘 지지자라고 밝힌 사람들 중에선 53%가 박민식 후보를 지지했고 41%는 한동훈 후보를 지지하는 것으로 나타나 표심이 갈렸습니다.자연스럽게 이 지역에선 국민의힘 박민식 후보와 무소속 한동훈 후보 간의 단일화가 성사될지가 관심사입니다. 하정우 후보와 박민식 후보, 하정우 후보와 한동훈 후보 간의 가상 양자대결이 이뤄질 경우 누구를 지지할지 물어봤더니 '박빙'의 승부를 보이는 것으로 나타났습니다.야권 후보 간 단일화가 필요한지 필요하지 않은지, 단일화를 한다면 박 후보와 한 후보 중 누가 더 적합한지에 대해서도 조사했습니다.여론조사와 관련한 더 자세한 소식은 잠시 후 6시 30분 JTBC 〈뉴스룸〉에서 전해드립니다.〈조사개요〉조사의뢰: JTBC조사일시: 2026년 5월 4~5일조사기관: 메타보이스㈜, ㈜리서치랩조사지역 및 대상: 부산광역시 북구갑 선거구에 거주하는 만 18세 이상 남녀조사내용: 부산 북구갑 다자 대결 지지 후보, 가상 양자 대결, 범야권 후보 단일화 필요도, 범야권 단일 후보 적합도, 지방선거 성격 인식, 이재명 대통령 국정 운영 평가, 지지하는 정당 등조사방법: 무선100% 전화면접(CATI)표본오차: ±4.4%p (95% 신뢰수준)응답률: 15.1%표본의 크기: 501명피조사자 선정방법: 2026년 3월 말 주민등록인구통계에 따라 성별, 연령대별, 권역별 비례할당 후 무작위추출가중치 산출 및 적용 방법: 2026년 3월 말 행정안전부 주민등록 인구 기준 성별, 연령대별, 권역별 가중치 부여 (셀가중)이번 여론조사와 관련한 자세한 사항은 JTBC 홈페이지(www.jtbc.co.kr)나 중앙선거여론조사심의위원회 홈페이지(https://www.nesdc.go.kr)를 참조해주십시오."
강훈식 범진보 차기대선,미상,깜짝,1.0,-,0.0,1.0,https://gall.dcinside.com/mgallery/board/view/?id=minjudang&no=5058221&exception_mode=recommend&search_head=100&page=2,[천지] 강훈식 범진보 차기대선 깜짝 1위,그리고 이준석은 빼고 김문수 넣었네
,NBS,이재명,67.0,민주,46.0,21.0,https://gall.dcinside.com/mgallery/board/view/?id=minjudang&no=5058068&exception_mode=recommend&search_head=100&page=2,NBS : 이재명 67% 민주 46% 국힘 18%,"조사개요조사지역: 전국조사기간: 2026년 5월 4일 ~ 5월 6일(3일간)조사대상(모집단): 만 18세 이상 남녀조사방법: 국내 통신 3사가 제공하는 휴대전화 가상번호(100%)를 이용한 전화면접조사표본추출: 성·연령·지역별 층화확률추출표본크기: 1,001명 (가중값 적용 후 1,001명)피조사자 선정방법: 성·연령·지역으로 층화된 가상번호 내 무작위 추출응답률: 19.8% (총 5,066명과 통화하여 그 중 1,001명 응답 완료)접촉률: 28.3%가중치 산출 및 적용: 성･연령･지역별 가중치 부여(셀가중)2026년 3월말 행정안전부 주민등록인구 통계 기준표본오차: 95% 신뢰수준에서 ± 3.1% point조사기관: 엠브레인퍼블릭ㆍ케이스탯리서치ㆍ코리아리서치ㆍ한국리서치이상 자세한 사항은 중앙선거여론조사심의위원회 홈페이지 참고"
,모노리서치,-,0.0,-,0.0,0.0,https://gall.dcinside.com/mgallery/board/view/?id=minjudang&no=5057869&exception_mode=recommend&search_head=100&page=2,모노리서치 : 충북 보은군,"㈜모노커뮤니케이션즈/모노리서치가 동남방송(K-LifeTV) 의뢰로 지난 5월 4일부터 5일까지 이틀간 충북 보은군에 거주하는 만 18세 이상 남녀 501명을 대상으로 실시한 여론조사 결과, 후보지지도에서 더불어민주당 하유정 후보는 48.2%, 국민의힘 최재형 후보는 45.7%를 기록했다. 두 후보 간 격차는 2.5%p로, 표본오차인 ±4.4%p 범위 안이다. 기타 후보는 1.0%, 지지 후보 없음은 3.2%, 잘 모름·무응답은 1.9%였다. 이번 조사에서 정당지지도는 더불어민주당 50.6%, 국민의힘 37.4%로 나타났다. 조국혁신당은 0.7%, 진보당 0.2%, 개혁신당 1.0%, 기타 정당 2.0%였으며, 지지정당이 없다는 응답은 8.0%, 잘 모름·무응답은 0.2%로 집계됐다. (중략) 이번 여론조사는 충북 보은군 거주 만 18세 이상 남녀 501명을 대상으로 무선전화 ARS 방식으로 진행됐다. 표본은 통신 3사에서 제공받은 가상번호 100%를 사용했으며 응답률은 17.1%, 표본오차는 95% 신뢰수준에서 ±4.4%p다. 성별·연령별·지역별 가중값은 2026년 4월 말 행정안전부 주민등록 인구 기준에 따라 부여됐다. 기타 자세한 사항은 중앙선거여론조사심의위원회 홈페이지 참조하면 된다. 출처 : K-Life TV(https://www.k-lifetv.co.kr)"
,여조꽃,-,0.0,-,0.0,0.0,https://gall.dcinside.com/mgallery/board/view/?id=minjudang&no=5057524&exception_mode=recommend&search_head=100&page=3,여조꽃 : 인천 계양을,여론조사개요는 첨부된 마지막 사진 확인바람이상 자세한 사항은 중앙선거여론조사심의위원회 홈페이지 참조
,여조꽃,-,0.0,-,0.0,0.0,https://gall.dcinside.com/mgallery/board/view/?id=minjudang&no=5057521&exception_mode=recommend&search_head=100&page=3,여조꽃 : 인천 연수갑,여론조사개요는 첨부된 마지막 사진 확인바람이상 자세한 사항은 중앙선거여론조사심의위원회 홈페이지 참조
,여조꽃,-,0.0,-,0.0,0.0,https://gall.dcinside.com/mgallery/board/view/?id=minjudang&no=5057519&exception_mode=recommend&search_head=100&page=3,여조꽃 : 경기 하남갑,여론조사개요는 첨부된 마지막 사진 확인바람이상 자세한 사항은 중앙선거여론조사심의위원회 홈페이지 참조
,토마토,이재명,60.0,민주,46.4,13.6,https://gall.dcinside.com/mgallery/board/view/?id=minjudang&no=5057482&exception_mode=recommend&search_head=100&page=3,토마토 : 이재명 60% 민주 46.4% 국힘 29.8%,"지지 정당별로 보면 민주당 지지층에서도 찬성 53.9% 대 반대 28.3%로, 정 대표의 연임에 찬성다는 응답이 50%를 상회했습니다. 국민의힘 지지층에선 찬성 10.4% 대 반대 68.3%로, 반대 응답이 70%에 달할 정도로 높았습니다.지지 정당별로 보면 국민의힘 지지층에선 '유지' 58.8% 대 '사퇴' 29.9%로, 당대표직을 ""유지해야 한다""는 응답이 높았습니다. 다만 국민의힘 지지층에서도 역시 사퇴해야 한다는 응답이 5달 전에 비해 14.0%에서 29.9%로, 15.9%포인트 올랐습니다. 민주당 지지층에선 '사퇴' 49.0% 대 '유지' 38.5%였습니다.조사개요이번 조사는 <뉴스토마토> 의뢰로 미디어토마토가 지난 4일부터 5일까지 이틀간 만 18세 이상 전국 성인남녀 1038명을 대상으로 실시됐으며, 표본오차는 95% 신뢰수준에 ±3.0%포인트입니다. ARS(RDD) 무선전화 방식으로 진행됐으며, 응답률은 3.0%입니다. 2026년 4월 말 행정안전부 주민등록 인구를 기준으로 성별·연령별·지역별 가중값을 산출했고 셀가중을 적용했습니다. 그 밖의 자세한 조사 개요와 결과는 중앙선거여론조사심의위원회 홈페이지를 참조하면 됩니다."
강원 양양군,에이스리서치,민주,46.1,국힘,41.5,4.6,https://gall.dcinside.com/mgallery/board/view/?id=minjudang&no=5057262&exception_mode=recommend&search_head=100&page=3,에이스리서치 : 강원 양양군 민주 46.1% 국힘 41.5%,"강원도지사 지지율은 민주당 우상호 후보 46.5%, 국민의힘 김진태 후보 44.5%였다.[2026 지방선거 양양군수 여론조사 개요] ■ 조사의뢰 : 강원일보 ■ 조사기관 : 에이스리서치■ 조사일자 : 2026년 5월 4일 ~ 5월 5일(2일간)■ 대상: 강원특별자치도 양양군에 거주하는 만 18세 이상 남녀 509명■ 조사방법 : 구조화된 설문지를 이용한 ARS 조사(무선 100%)■ 피조사자 선정 방법 : 통신 3사 제공 무선 가상번호■ 응답률 : 15.6%■ 오차 보정 방법 : 2026년 3월 말 행정안전부 발표 주민등록인구통계 기준 셀가중 방식으로 성별·연령대별·지역별 가중치 부여■ 표본오차 : 95% 신뢰수준에 ±4.3%포인트■ 내용 : 정당 지지도 및 차기 양양군수 지지도, 선택기준, 차기 강원특별자치도지사 지지도 등(중앙선거여론조사심의위원회 홈페이지 참조)"
울산 북구청장,공정,이동권,37.2,박천동,31.9,5.3,https://gall.dcinside.com/mgallery/board/view/?id=minjudang&no=5056977&exception_mode=recommend&search_head=100&page=3,공정 : 울산 북구청장 이동권 37.2% 박천동 31.9%,"북구청장 지지도에서는 더불어민주당 이동권 후보 37.2%, 국민의힘 박천동 후보 31.9%, 진보당 이은영 후보 17.8%로 이 후보가 박 후보를 오차범위내에서 접전을 펼치고 있는 것으로 나왔다.조사개요지난 4~5일 진행된 이번 여론조사는 울산매일신문·KBS울산방송의 의뢰로 여론조사공정이 이동통신 3사로부터 무작위 추출로 제공받은 가상번호와 유선전화 8개 국번 0001~9999 생성 후 무작위 추출한 피조사자를 선정했다.이번 조사는 울산 북구 거주 만 18세 이상 남녀 503명을 대상으로 무선전화 ARS(80%), 유선 RDD ARS(20%) 조사 방식으로 진행했다. 응답률은 4.6%, 표본오차는 95% 신뢰 수준에 ±4.4%p다.자세한 사항은 중앙선거여론조사심의위원회 홈페이지를 참조하면 된다."
울산시장,공정,김두겸,37.1,김상욱,32.9,4.2,https://gall.dcinside.com/mgallery/board/view/?id=minjudang&no=5056931&exception_mode=recommend&search_head=100&page=3,공정 : 울산시장 김상욱 32.9% 김두겸 37.1% 김종훈 14.2%,"정당 지지도만을 묻는 질문에서는 더불어민주당 34.0%, 국민의힘 38.2%, 조국혁신당 2.3%, 진보당 10.7%, 개혁신당 3.7%, 기타 정당 1.9%로 나왔다. 지지 정당 없음 7.4%, 잘 모름 1.7%였다.지난 5월 4~5일 진행된 이번 여론조사는 울산매일신문·KBS울산방송의 의뢰로 여론조사공정이 이동통신 3사로부터 무작위 추출로 제공받은 가상번호와 유선전화 62개 국번 0001~9999 생성 후 무작위 추출한 피조사자를 선정했다. 울산시장 ·교육감 선거는 울산 거주 만 18세 이상 남녀 804명을 대상으로 무선전화 ARS(80%), 유선 RDD ARS(20%) 조사 방식으로 진행했다. 응답률은 6.1%, 표본오차는 95% 신뢰 수준에 ±3.5%p다.자세한 사항은 중앙선거여론조사심의위원회 홈페이지를 참조하면 된다."
경기 용인시,한길리서치,현근택,47.9,이상일,40.4,7.5,https://gall.dcinside.com/mgallery/board/view/?id=minjudang&no=5056591&exception_mode=recommend&search_head=100&page=3,한길리서치 : 경기 용인시 현근택 47.9% v 이상일 40.4%,"※이번 조사는 인천일보가 ㈜한길리서치에 의뢰해 5월 4일부터 5일까지 이틀간 용인시에 거주하는 만 18세 이상 남녀 500명을 대상으로 진행됐다. 무선전화 가상번호(100.0%)를 통한 자동응답(ARS) 방식이며, 응답률은 5.9%다. 2026년 3월 말 행정안전부 주민등록 인구 기준으로 성별·연령별·지역별 가중값을 부여했다. 표본오차는 95% 신뢰수준에서 ±4.4%p다. 자세한 내용은 중앙선거여론조사심의위원회 누리집 참조.출처 : 인천일보(https://www.incheonilbo.com)"
,조원,정원오,50.2,오세훈,38.0,12.2,https://gall.dcinside.com/mgallery/board/view/?id=minjudang&no=5056162&exception_mode=recommend&search_head=100&page=3,조원 : 정원오 50.2 % 오세훈 38.0%,
강릉시 여론조사 - 강원도지사 우상호 강릉시장,미상,김중남,1.0,-,0.0,1.0,https://gall.dcinside.com/mgallery/board/view/?id=minjudang&no=5055817&exception_mode=recommend&search_head=100&page=3,"강릉시 여론조사 - 강원도지사 우상호, 강릉시장 김중남 1위","이번 조사는 스트레이트뉴스 의뢰로 조원씨앤아이가 2026년 5월 3~4일 강원특별자치도 강릉시 만 18세 이상 남녀 501명을 대상으로 ARS 여론조사(휴대전화 가상번호 100%, 성, 연령대, 지역별 비례할당 무작위 추출)를 실시한 결과다. 표본수는 501명(총 통화시도 5668명, 응답률 8.8%), 표본오차는 95% 신뢰수준에 ±4.4%p다. 2026년 3월말 행정안전부 발표 주민등록인구를 기준으로 성별, 연령별, 지역별 가중값을 부여했다. 자세한 사항은 중앙선거여론조사심의위원회 홈페이지를 참조하면 된다. - dc official App"
서울,조원,민주,45.6,국힘,33.1,12.5,https://gall.dcinside.com/mgallery/board/view/?id=minjudang&no=5055791&exception_mode=recommend&search_head=100&page=3,조원 : 서울 민주 45.6% 국힘 33.1%,"이번 조사는 스트레이트뉴스 의뢰로 조원씨앤아이가 2026년 5월 4일~5일 2일간 서울특별시 거주 18세 이상 남녀 대상으로 ARS 여론조사(휴대전화 가상번호 100%, 성, 연령대, 지역별 비례할당 무작위 추출)를 실시한 결과다. 표본수는 802명(총 통화시도 1만2489명, 응답률 6.4%), 표본오차는 95% 신뢰수준에 ±3.5%p다. 그 밖의 사항은 중앙선거여론조사심의위원회 홈페이지를 참조하면 된다.출처 : 스트레이트뉴스(https://www.straightnews.co.kr)"
창원시장 민주,미상,송순호,43.7,강기윤,42.0,1.7,https://gall.dcinside.com/mgallery/board/view/?id=minjudang&no=5055608&exception_mode=recommend&search_head=100&page=3,창원시장 민주 송순호 43.7% 국힘 강기윤 42%,양자대결시 더불어민주당 송순호 44.8% 국민의힘 강기윤 43.1% 의창구 민주 45.4% 국힘 42.3% 성산구 민주 43.2% 국힘 37.0% 마산합포 민주 41% 국힘 48% 마산회원 민주 37% 국힘 49% 진해구 민주 51% 국힘 35% https://www.nesdc.go.kr/portal/bbs/B0000005/view.do?nttId=18514&menuNo=200467&searchTime=&sdate=&edate=&pdate=&pollGubuncd=&searchCnd=&searchWrd=&pageIndex=1 중앙선거여론조사심의위원회중앙선거여론조사심의위원회www.nesdc.go.kr - dc official App
,데일리리서치,-,0.0,-,0.0,0.0,https://gall.dcinside.com/mgallery/board/view/?id=minjudang&no=5055114&exception_mode=recommend&search_head=100&page=3,데일리리서치 : 충남 계룡시,"이번 조사는 뉴스티앤티 의뢰로 (주)데일리리서치에서 5월 2일부터 3일까지 이틀 동안 충청남도 계룡시에 거주하는 만 18세 이상 남녀 503명을 대상으로 실시했다. 조사방법은 유무선 ARS 전화조사(휴대전화 가상번호 90%, 유선전화 RDD 10%)이며, 최종 응답률은 9.5%, 표본오차는 95% 신뢰수준에서 ±4.4%p다. 가중값은 2026년 3월 말 행정안전부 주민등록 인구통계 기준 성별, 연령별, 지역별 가중치(셀가중)를 부여했다. 자세한 내용은 중앙선거여론조사심의위원회 홈페이지를 참조하면 된다."
대전시장,알앤써치,허태정,50.3,이장우,36.4,13.9,https://gall.dcinside.com/mgallery/board/view/?id=minjudang&no=5055072&exception_mode=recommend&search_head=100&page=3,알앤써치 : 대전시장 허태정 50.3% v 이장우 36.4%,"<뉴스핌 대전세종충남본부>가 여론조사 전문기관 알앤써치에 의뢰해 5월 3일부터 4일까지 실시대전 거주 만 18세 이상 성인 809명을 대상으로 무선 ARS 자동응답 100% 방식으로 진행됐다. 표본오차는 95% 신뢰수준에서 ±3.4%포인트, 응답률은 6.7%다.통계보정은 2026년 3월 행정안전부 주민등록 인구통계를 기준으로 성·연령·지역별 셀가중을 적용했으며 자세한 사항은 중앙선거여론조사심의위원회 홈페이지를 참조하면 된다."
,조원C&I,이재명,63.9,민주,50.8,13.1,https://gall.dcinside.com/mgallery/board/view/?id=minjudang&no=5054704&exception_mode=recommend&search_head=100&page=3,조원C&I : 이재명 63.9% 민주 50.8% 국힘 32.1%,"이번 조사는 스트레이트뉴스 의뢰로 조원씨앤아이가 지난 2~4일 3일간 전국 만 18세 이상 남녀 대상으로 ARS 여론조사(휴대전화 100% RDD 방식, 성, 연령대, 지역별 비례할당 무작위 추출)를 실시한 결과다. 표본수는 2002명(총 통화시도 4만8488명, 응답률 4.1%), 표본오차는 95% 신뢰수준에 ±2.2%p다. 그 밖의 사항은 중앙선거여론조사심의위원회 홈페이지를 참조하면 된다. - dc official App"
강원 횡성군,에이스리서치,국힘,42.9,민주,33.3,9.6,https://gall.dcinside.com/mgallery/board/view/?id=minjudang&no=5054493&exception_mode=recommend&search_head=100&page=3,에이스리서치 : 강원 횡성군 민주 33.3% 국힘 42.9%,"강원도지사 후보 지지율은 민주당 우상호 후보 41.4%, 국민의힘 김진태 후보 51.9%였다. [2026 지방선거 횡성군수 여론조사 개요]■ 조사의뢰 : 강원일보■ 조사기관 : 에이스리서치■ 조사일자 : 2026년 5월 3일 ~ 5월 4일(2일간)■ 대상: 강원특별자치도 횡성군에 거주하는 만 18세 이상 남녀 505명 ■ 조사방법 : 구조화된 설문지를 이용한 ARS 조사(무선 100%) ■ 피조사자 선정 방법 : 통신 3사 제공 무선 가상번호 ■ 응답률 : 11.8% ■ 오차 보정 방법 : 2026년 3월 말 행정안전부 발표 주민등록인구통계 기준 셀가중 방식으로 성별·연령대별·지역별 가중치 부여■ 표본오차 : 95% 신뢰수준에 ±4.4%포인트(전체 1만4,000명의 통화시도 중 통화성공 4,266명, 응답완료 505명, 응답률 11.8%) ■ 내용 : 정당 지지도 및 차기 횡성군수 지지도, 선택기준, 차기 강원특별자치도지사 지지도 등(중앙선거여론조사심의위원회 홈페이지 참조)"
강원 동해시,에이스리서치,국힘,41.3,민주,37.3,4.0,https://gall.dcinside.com/mgallery/board/view/?id=minjudang&no=5054492&exception_mode=recommend&search_head=100&page=3,에이스리서치 : 강원 동해시 민주 37.3% 국힘 41.3%,"강원도지사 지지도 조사에서는 민주당 우상호 후보가 46.1%, 국민의힘 김진태 후보가 45.3%로 초접전 양상을 보였다. [2026 지방선거 동해시장 여론조사 개요]■ 조사의뢰 : 강원일보■ 조사기관 : 에이스리서치■ 조사일자 : 2026년 5월 3일 ~ 5월 4일(2일간) ■ 대상: 강원특별자치도 동해시에 거주하는 만 18세 이상 남녀 502명 ■ 조사방법 : 구조화된 설문지를 이용한 ARS 조사(무선 100%) ■ 피조사자 선정 방법 : 통신 3사 제공 무선 가상번호 ■ 응답률 : 8.1%(전체 1만4,824명의 통화시도 중 통화성공 6,183명, 응답완료 502명, 응답률 8.1%) ■ 오차 보정 방법 : 2026년 3월 말 행정안전부 발표 주민등록인구통계 기준 셀가중 방식으로 성별·연령대별·지역별 가중치 부여■ 표본오차 : 95% 신뢰수준에 ±4.4%포인트■ 내용 : 정당 지지도 및 차기 동해시장 지지도, 선택기준, 차기 강원특별자치도지사 지지도 등(중앙선거여론조사심의위원회 홈페이지 참조)"
SBS 대구시장,미상,김부겸,41.0,추경호,36.0,5.0,https://gall.dcinside.com/mgallery/board/view/?id=minjudang&no=5054457&exception_mode=recommend&search_head=100&page=3,SBS 대구시장 김부겸 41% 추경호 36%,https://www.nesdc.go.kr/portal/bbs/B0000005/view.do?nttId=18495&menuNo=200467&searchTime=::%20%EB%82%A0%EC%A7%9C%EA%B5%AC%EB%B6%84%20::&sdate=&edate=&pdate=&pollGubuncd=&searchCnd=3&searchWrd=%EB%8C%80%EA%B5%AC%EA%B4%91%EC%97%AD%EC%8B%9C%20%EC%A0%84%EC%B2%B4&pageIndex=1자세한건 여론조사심의위원회 참고
경북도지사,에이스리서치,이철우,55.2,오중기,30.2,25.0,https://gall.dcinside.com/mgallery/board/view/?id=minjudang&no=5053381&exception_mode=recommend&search_head=100&page=3,에이스리서치 : 경북도지사 오중기 30.2% v 이철우 55.2%,"이번 조사는 대구MBC의 의뢰로 에이스리서치가 5월 2일~3일 2일간 경상북도에 거주하는 만 18세 이상 성인 남녀를 대상으로 ARS 조사/100%(무선/가상 번호)를 통해 실시했습니다. 표본오차는 95% 신뢰수준에 ±3.1%P이고, 응답률은 8.4%입니다. 자세한 내용은 중앙선거여론조사심의위원회 홈페이지를 참조하면 됩니다. - dc official App"
경남도지사,모노리서치,박완수,44.1,김경수,41.9,2.2,https://gall.dcinside.com/mgallery/board/view/?id=minjudang&no=5054111&exception_mode=recommend&search_head=100&page=3,모노리서치 : 경남도지사 김경수 41.9% 박완수 44.1%,"정당 지지도에 따라서는 민주당 지지자의 83.2%가 반드시 투표하겠다고 응답한 반면 국민의힘은 65.1%만 반드시 투표하겠다고 답했다. 다만 가급적 투표를 포함한 투표 의향을 보면 민주당 93.7%, 국민의힘 90.5%로 오차범위 내 큰 차이가 없었다.조사개요※이번 조사는 ㈜모노커뮤니케이션즈·모노리서치가 지난 1~2일 경남 거주 만 18세 이상 남녀 1000명을 대상으로 무선전화 ARS 방식으로 실시했다. 표본오차는 95% 신뢰수준에서 ±3.1%포인트이며, 응답률은 7.7%다. 표본은 이동통신 3사 제공 무선전화 가상번호를 무작위 추출해 선정했으며, 2026년 3월 행정안전부 주민등록 인구 기준 성·연령·지역별 셀가중 방식으로 보정했다. 통계값은 소수점 첫째 자리에서 반올림해 단순 합산 시 오차가 있을 수 있다. 자세한 내용은 중앙선거여론조사심의위원회 홈페이지를 참조하면 된다."
부산 북갑 적극투표층,입소스,하,44.0,박,28.0,16.0,https://gall.dcinside.com/mgallery/board/view/?id=minjudang&no=5053975&exception_mode=recommend&search_head=100&page=3,입소스 : 부산 북갑 적극투표층 하 44% 박 28% 한 22%,"<조사 개요>의뢰 기관 : SBS수행 기관 : 입소스 주식회사(IPSOS)조사 지역 : 부산 북구갑 조사 일시 : 2026년 5월 1일~3일조사 대상 : 부산 북구갑 선거구에 거주하는 유권자 (만 18세 이상 남녀)조사 방법 : 무선 전화면접조사표본 크기 : 503명 (표본 오차 : 95% 신뢰 수준에서 ±4.4%p)표집 방법 : 성, 연령, 지역 할당 후 무선 가상번호 추출피조사자 선정 방법 : 성/연령/지역 비례에 따른 할당 추출응답률 : 14.4%가중치 부여 방식 : 성별, 연령별, 지역별 가중값 부여 (셀 가중), (2026년 3월 말 행정안전부 주민등록 인구 기준)자세한 내용은 중앙선거여론조사심의위원회 또는 SBS 홈페이지에서 보실 수 있습니다."
부산북갑,미상,하정우,38.0,박민식,26.0,12.0,https://gall.dcinside.com/mgallery/board/view/?id=minjudang&no=5053844&exception_mode=recommend&search_head=100&page=3,"부산북갑 하정우 38%, 박민식 26%, 한동훈 21%",3자 압살 중도 파워 보수 단일화 찬반단일화 찬성 응답자의 단일후보 적합도 조사 양자 가상대결 압살ㅋ 조사개요 - dc official App
인천 제물포구,한길리서치,민주,41.4,국힘,33.2,8.2,https://gall.dcinside.com/mgallery/board/view/?id=minjudang&no=5053625&exception_mode=recommend&search_head=100&page=3,한길리서치 : 인천 제물포구 민주 41.4% 국힘 33.2%,※ 이번 조사는 인천일보가 여론조사 전문기관㈜한길리서치에 의뢰해 지난 3일과 4일 인천 제물포구에 거주하는 만 18세 이상 남녀 521명을 대상으로 진행했다. 표본은 성별·연령별·지역별 할당 무작위 추출해 무선(가상번호) ARS 100% 방법으로 조사했다. 응답률은 7.3%이며 4월 말 행정안전부 주민등록 인구 기준으로 성별·연령별·지역별 가중값을 부여했다. 표본오차는 95% 신뢰수준에 ±4.3%p다. 자세한 내용은 중앙선거여론조사심의위원회 누리집 참조.
경기 성남시장,한국갤럽,김병욱,48.0,신상진,33.0,15.0,https://gall.dcinside.com/mgallery/board/view/?id=minjudang&no=5053577&exception_mode=recommend&search_head=100&page=3,한국갤럽: 경기 성남시장 김병욱 48% v 신상진 33%,"경인일보는 여론조사 전문기관 한국갤럽조사연구소에 의뢰해 지난 3~4일 성남시 거주 만 18세 이상 503명에게 차기 성남시장 후보 선호도를 조사했다.조사 결과, 김병욱 민주당 후보는 분당구·수정구·중원구 등 모든 지역에서 국민의힘 신상진 후보에 앞서 있었다.특히 중원구에서 김 후보가 49%·신 후보는 29%를 기록해 가장 큰 격차(20%p)를 보였다.분당구에서는 김 후보 48%·신 후보 35%, 수정구는 김 후보 47%·신후보 34% 였다.연령별로 봤을 때 70세 이상에서만 신 후보(50%)가 김 후보(37%)를 앞섰다.40대(김병욱 57%·신상진 25%)와 50대(김병욱 60%·신상진 29%), 60대(김병욱 59%·신상진 35%)에선 김 후보가 오차범위 밖에서 신 후보를 앞섰다.18~29세(김병욱 31%·신상진 28%)와 30대(김병욱 39%·신상진 34%)까지는 양 후보 선호도가 오차범위 내에 있는 것으로 조사됐다.(중략)한편 이번 여론조사에서 정당 지지도는 더불어민주당 46%, 국민의힘 21%로 조사됐다. 조국혁신당 3%, 진보당과 개혁신당이 각각 2%다. 사회민주당과 그 외 정당도 1%로 나타났다.지지하는 정당이 없음은 19%, 모름/응답 거절은 5%다.이재명 대통령 직무 수행 평가를 묻는 질문에는 68%가 ‘잘하고 있다’고 답했다.■ 이번 여론조사는 경인일보가 여론조사 전문기관 한국갤럽조사연구소에 의뢰해 지난 3~4일 이틀간 성남시에 거주하는 만 18세 이상 남녀 503명을 대상으로 진행했다. 휴대전화 가상(안심)번호를 무작위로 추출해 100% 전화 조사원 인터뷰(CATI)를 실시했다. 표본오차는 95% 신뢰수준에서 ±4.4%p, 응답률은 12.6%다. 2026년 4월 말 행정안전부 주민등록 인구를 기준으로 성별, 연령별, 지역별 가중치(셀가중)를 적용했다. 자세한 사항은 중앙선거여론조사심의위원회 홈페이지를 참조하면 된다."
부산 해운대구,데일리리서치,국힘,42.3,민주,31.7,10.6,https://gall.dcinside.com/mgallery/board/view/?id=minjudang&no=5051612&exception_mode=recommend&search_head=100&page=3,데일리리서치 : 부산 해운대구 민주 31.7% 국힘 42.3%,"한국미디어연합협동조합이 여론조사 전문기관 데일리리서치에 의뢰해 지난 2일, 3일 양일간 부산 해운대구 유권자 500명을 대상으로 실시한 여론조사 결과, 해운대구청장 후보 지지도에서 국민의힘 김성수 현 해운대구청장이 45.9%, 더불어민주당 홍순헌 전 해운대구청장이 43.0%를 기록하며 2.9%p 차이를 보였다. 기타 후보는 4.1%,, 투표하지 않겠다 2.4%, 잘 모르겠다는 응답은 4.7%로 집계됐다.당선 가능성을 묻는 질문에는 국민의힘 김성수 구청장이 47.7%, 더불어민주당 홍순헌 전 구청장이 43.2%로 나타났다. 이어 기타인물 2.0%, 없음 1.7%, 잘 모르겠다는 응답은 5.5%였다.해운대구 정당지지도는 국민의힘 42.3%, 더불어민주당 31.7%로 나타났다. 이어 조국혁신당과 개혁신당이 각각 3.3%, 진보당 1.7%, 기타정당 4.0% 순으로 조사됐다. 지지정당 없음은 12.3%, 잘 모르겠다는 응답은 1.4%였다.지방선거 인식 조사에서는 ‘현 정부 국정운영을 위해 여당에 힘을 실어줘야 한다’는 응답이 46.1%, ‘현 정부 견제를 위해 야당에 힘을 실어줘야 한다’는 응답은 45.2%로 팽팽한 구도를 보였다. 잘 모르겠다는 응답은 8.8%였다.이념 성향을 묻는 질문에는 보수 36.7%, 진보 18.3%, 중도 36.4%로 집계됐으며, 잘 모르겠다는 응답은 8.6%였다.이번 조사는 ‘한국미디어연합 협동조합’ 의뢰로 ㈜데일리리서치에서 5월 2일~3일 이틀 동안 부산광역시 해운대구에 거주하는 만18세이상 남녀 500명을 대상으로 실시하였다. 조사방법은 유무선ARS전화조사, 피조사자 선정방법은 통신사제공 휴대전화가상번호 82%, 유선전화RDD 18%이며, 최종 응답률은 4.2%, 표본오차는 95% 신뢰수준에서 ±4.4%p이다. 2026년 3월말 행정안전부 주민등록 인구통계 기준 성별,연령별,지역별 가중값 부여(셀가중)하였으며, 자세한 조사개요와 결과는 중앙선거여론조사심의위원회 홈페이지를 참고하면 된다.출처 : 부산의 소리(http://www.voiceofbusan.com)"
철원군,미상,우상호,57.8,김진태,36.0,21.8,https://gall.dcinside.com/mgallery/board/view/?id=minjudang&no=5051418&exception_mode=recommend&search_head=100&page=3,철원군 우상호 57.8% 김진태 36%,- dc official App
고성군,미상,우상호,53.4,김진태,40.8,12.6,https://gall.dcinside.com/mgallery/board/view/?id=minjudang&no=5051415&exception_mode=recommend&search_head=100&page=3,고성군 우상호 53.4% 김진태 40.8%,"■ 조사일자 : 2026년 5월 1일 ~ 5월 2일(2일간)■ 대상: 강원특별자치도 고성군에 거주하는 만 18세 이상 남녀 502명■ 조사방법 : 구조화된 설문지를 이용한 ARS 조사(무선 100%)■ 피조사자 선정 방법 : 통신 3사 제공 무선 가상번호■ 응답률 : 12.2%(전체 1만2,114명의 통화시도 중 통화성공 4,108명, 응답완료 502명, 응답률 12.2%)■ 오차 보정 방법 : 2026년 3월 말 행정안전부 발표 주민등록인구통계 기준 셀가중 방식으로 성별·연령대별·지역별 가중치 부여■ 표본오차 : 95% 신뢰수준에 ±4.4%포인트■ 내용 : 정당 지지도 및 차기 고성군수 지지도, 선택기준, 차기 강원특별자치도지사 지지도 등(중앙선거여론조사심의위원회 홈페이지 참조)- dc official App"
,미상,-,0.0,-,0.0,0.0,https://gall.dcinside.com/mgallery/board/view/?id=minjudang&no=5051229&exception_mode=recommend&search_head=100&page=3,SBS) 서울시장,유튜브로 캡쳐함- dc official App
강원 강릉시장,한국리서치,김중남,37.1,김홍규,30.0,7.1,https://gall.dcinside.com/mgallery/board/view/?id=minjudang&no=5051090&exception_mode=recommend&search_head=100&page=3,한국리서치 : 강원 강릉시장 김중남 37.1% v 김홍규 30%,여론조사개요는 첨부된 마지막 사진 확인바람이상 자세한 사항은 중앙선거여론조사심의위원회 홈페이지 참조
강원 원주시장,한국리서치,구자열,44.2,원강수,25.7,18.5,https://gall.dcinside.com/mgallery/board/view/?id=minjudang&no=5051084&exception_mode=recommend&search_head=100&page=3,한국리서치 : 강원 원주시장 구자열 44.2% v 원강수 25.7%,여론조사개요는 첨부된 마지막 사진 확인바람이상 자세한 사항은 중앙선거여론조사심의위원회 홈페이지 참조
강원 춘천시장,한국리서치,육동한,50.6,정광열,24.5,26.1,https://gall.dcinside.com/mgallery/board/view/?id=minjudang&no=5051077&exception_mode=recommend&search_head=100&page=3,한국리서치 : 강원 춘천시장 육동한 50.6% v 정광열 24.5%,여론조사개요는 첨부된 마지막 사진 확인바람이상 자세한 사항은 중앙선거여론조사심의위원회 홈페이지 참조
강원도지사,한국리서치,우상호,41.0,김진태,33.8,7.2,https://gall.dcinside.com/mgallery/board/view/?id=minjudang&no=5051066&exception_mode=recommend&search_head=100&page=3,한국리서치 : 강원도지사 우상호 41% v 김진태 33.8%,여론조사개요는 첨부된 마지막 사진 확인바람이상 자세한 사항은 중앙선거여론조사심의위원회 홈페이지 참조
서울시장,에브리리서치,정원오,49.5,오세훈,36.4,13.1,https://gall.dcinside.com/mgallery/board/view/?id=minjudang&no=5050416&exception_mode=recommend&search_head=100&page=3,에브리리서치 : 서울시장 정원오 49.5% 오세훈 36.4%,"본 여론조사는 폴리뉴스, (주)에브리뉴스 공동 의뢰로 2026년 5월 1~2일(양일간) 여론조사 전문기관 주)에브리리서치에서 실시하였으며, 서울특별시 거주 만 18세 이상 남녀 1,000명을 대상으로 휴대전화 가상번호를 활용한 무선 100% ARS 전화조사 방식으로 진행되었다. 응답률은 4.6%, 표본오차는 95% 신뢰수준에서 ±3.1%p다. 자세한 사항은 중앙선거여론조사심의위원회 홈페이지를 참조하면 된다. - dc official App"
,리얼미터,-,0.0,-,0.0,0.0,https://gall.dcinside.com/mgallery/board/view/?id=minjudang&no=5050413&exception_mode=recommend&search_head=100&page=3,리얼미터 : 충남 아산시,"한편 이번 여론조사는 <굿모닝충청>이 (주)리얼미터에 의뢰해 아산시 거주 만 18세 이상 남녀 502명을 대상으로 지난 1일부터 2일까지 진행됐다.표본구성은 무선 전화 가상번호 100%이며, 표본추출방법은 성별·연령대별·권역별 인구 구성비에 따른 비례할당추출이다. 표집틀은 국내 통신사(SKT, KT, LGU+)제공 무선 전화 가상번호 리스트다.조사방법은 구조화된 설문지를 이용한 자동응답(ARS) 조사이며, 2026년 3월 말 행정안전부 주민등록통계 기준 성별·연령대별·권역별 가중(림가중)을 부여했다.응답률은 6.9%(총 응답 7275명 중 502명 응답 완료)이며, 표본오차는 95% 신뢰수준에서 ±4.4%P다. 자세한 내용은 중앙선거여론조사심의위원회 누리집을 참조하면 된다."
한길리서치 주관 최근,미상,다른,3.0,-,0.0,3.0,https://gall.dcinside.com/mgallery/board/view/?id=minjudang&no=5050339&exception_mode=recommend&search_head=100&page=3,한길리서치 주관 최근 다른 3개 조사의 후보 설문 지문을 알아보자,"(부산MBC-한길리서치, 부산 1013명, 5/1-5/2, 무선 ARS 100%) 보다시피 지문에 정당명이 있다 (인천일보-한길리서치, 평택시 을 500명, 5/1-5/2, 무선 ARS 100%) 평택을 조사에도 정당명이 있다 (새전북신문-한길리서치, 전북 1003명, 4/30-5/1, 무선 ARS 100%) 여긴 또 안 넣음. 이러니까 3%p 차 났냐... ---- 하여간 이상하면 꼭 어디다 장난친거더니만 투-명하다 - Per ardua ad astra"
부산시장,한길리서치,전재수,46.9,박형준,40.7,6.2,https://gall.dcinside.com/mgallery/board/view/?id=minjudang&no=5050155&exception_mode=recommend&search_head=100&page=3,한길리서치 : 부산시장 전재수 46.9% v 박형준 40.7%,"부산시장 적합도 조사에서는 더불어민주당 전재수 후보 46.9%, 국민의힘 박형준 후보 40.7%, 개혁신당 정이한 후보 2.0%로 나타났습니다.부산시장 선택 기준은 ′후보의 행정능력과 정치력′이 48.1%로 가장 많은 응답을 했고, ′선거 공약′ 19.1%, ′소속 정당′ 15.2% 순이었습니다.부산교육감 적합도에선 김석준 36.1%를 보였고, 최윤홍 13.6%, 정승윤 12.2%로 응답 조사됐습니다.이번 조사는 부산MBC가 한길리서치에 의뢰해 부산시민 천 13명을 대상으로 지난 1일과 2일 진행됐으며, 자세한 내용은 중앙선거여론조사심의위원회 홈페이지에서 확인할 수 있습니다.조사개요🌑조사의뢰 : 부산MBC🌑조사기관 : (주)한길리서치🌑조사지역 : 부산광역시🌑조사기간 : 2026년 5월 1일~2일 (2일간)🌑조사대상 : 부산광역시에 거주하는 만 18세 이상 남*녀🌑조사규모 : 1013명🌑조사방법 : 무선(가상번호) ARS 100.0%🌑피조사자 선정방법(표본추출방법) : 성/연령/지역별 할당 무작위 추출🌑자료처리방법 : 수집된 자료는 EDITING ⇨ CODING/PUNCHING ⇨ CLEANING의 과정을 거쳐 SPSS 프로그램을 이용하여 처리 🌑가중값 산출 및 적용방법 : 성별, 연령별, 지역별, 가중값 부여(2026년 3월말 행정 안전부 주민등록 인구 기준)🌑표본오차 : 95% 신뢰 수준에 오차범위 ±3.1%포인트(P)🌑응답률 : 6.9% 자세한 내용은 중앙선거여론조사심의위원회 홈페이지 참조"
부산 북구 갑,미상,하정우,34.3,한동훈,33.5,0.8,https://gall.dcinside.com/mgallery/board/view/?id=minjudang&no=5050154&exception_mode=recommend&search_head=100&page=3,부산 북구 갑 하정우 34.3 vs 한동훈 33.5 vs 박민식 21.5,"6.3 지방선거를 30일 앞두고 부산mbc가 부산 북구 주민 1000명을 대상으로 여론조사를 실시한 결과, 더불어민주당은 39.1%, 국민의힘은 37.6%의 지지율을 얻어 오차 범위 내 박빙으로 나타냈습니다. 보궐선거가 열리는 북구 갑 주민 584명을 대상으로 국회의원으로 누가 적합한지를 물었더니, 하정우 후보 34.3%, 한동훈 후보 33.5%로 0.8% 포인트 박빙으로 나타냈고, 박민식 후보는 21.5%의 지지를 얻었습니다. 북구 갑 지역에서 최대 현안으로는 덕천교차로와 구포시장 일대 상권 활성화가 24.6% 로 1위를 차지했습니다. 이번 조사는 부산MBC가 한길리서치에 의뢰해 2026년 5월 1일부터 3일까지 실시했으며, 자세한 내용은 중앙선거여론조사심의위원회에서 확인할 수 있습니다. 조사개요 ●조사의뢰 : 부산MBC ●조사기관 : (주)한길리서치 ●조사지역 : 부산광역시 북구 ●조사기간 : 2026년 5월 1일~3일 (3일간) ●조사대상 : 부산광역시 북구에 거주하는 만 18세 이상 남*녀 ●조사규모 : 1000명 ●조사방법 : 무선(가상번호) ARS 84.3%, 유선 RDD 15.7% ●피조사자 선정방법(표본추출방법) : 성/연령/지역별 할당 무작위 추출 ●자료처리방법 : 수집된 자료는 EDITING ⇨ CODING/PUNCHING ⇨ CLEANING의 과정을 거쳐 SPSS 프로그램을 이용하여 처리 ●가중값 산출 및 적용방법 : 성별, 연령별, 지역별, 가중값 부여(2026년 3월말 행정안전부 주민등록 인구 기준) ●표본오차 : 북구 1000명-95% 신뢰수준에 오차범위 ±3.1%p, 북구갑 584명-95% 신뢰수준에 오차범위 ±4.1%p ●응답률 : 5.3% 자세한 내용은 중앙선거여론조사심의위원회 홈페이지 참조"
대구시장,에이스리서치,김부겸,45.9,추경호,42.4,3.5,https://gall.dcinside.com/mgallery/board/view/?id=minjudang&no=5050097&exception_mode=recommend&search_head=100&page=3,에이스리서치 : 대구시장 김부겸 45.9% v 추경호 42.4%,"이번 조사는 대구MBC의 의뢰로 에이스리서치가 5월 2일~3일 2일간 대구광역시에 거주하는 만 18세 이상 성인 남녀를 대상으로 ARS 조사/100%(무선/가상 번호)를 통해 실시했습니다. 표본오차는 95% 신뢰수준에 ±3.1% P이고, 응답률은 6.1%입니다. 자세한 내용은 중앙선거여론조사심의위원회 홈페이지를 참조하면 됩니다."
충남 논산시장,리얼미터,오인환,46.7,백성현,42.8,3.9,https://gall.dcinside.com/mgallery/board/view/?id=minjudang&no=5049801&exception_mode=recommend&search_head=100&page=3,리얼미터 : 충남 논산시장 오인환 46.7% v 백성현 42.8%,"한편, 이번 여론조사는 <굿모닝충청>이 (주)리얼미터에 의뢰해 논산시 거주 만 18세 이상 남녀 521명을 대상으로 지난 1일부터 2일까지 진행했다.표본구성은 무선전화 가상번호 100%, 표본추출방법은 성별·연령대별·권역별 인구 구성비에 따른 비례 할당 추출이며 표집틀은 국내 통신사(SKT·KT·LGU+) 제공 무선전화 가상번호 리스트를 활용했다.조사방법은 구조화된 설문지를 이용한 자동응답(ARS) 조사, 가중값 산출 및 적용은 성별·연령대별·권역별 가중 부여(2026년 3월 말 행정안전부 주민등록인구통계 기준)다. 응답률은 7.8%(총 응답 6655명 중 521명 응답 완료)이며 표본오차는 95% 신뢰수준에서 ±4.3%P다.기타 자세한 내용은 중앙선거여론조사심의위원회 누리집을 참조하면 된다."
,여조꽃,-,0.0,-,0.0,0.0,https://gall.dcinside.com/mgallery/board/view/?id=minjudang&no=5049679&exception_mode=recommend&search_head=100&page=3,여조꽃 : 울산,여론조사개요는 첨부된 마지막 사진 확인바람이상 자세한 사항은 중앙선거여론조사심의위원회 홈페이지 참조
,여조꽃,-,0.0,-,0.0,0.0,https://gall.dcinside.com/mgallery/board/view/?id=minjudang&no=5049673&exception_mode=recommend&search_head=100&page=3,여조꽃 : 부산,여론조사개요는 첨부된 마지막 사진 확인바람이상 자세한 사항은 중앙선거여론조사심의위원회 홈페이지 참조
,미상,-,0.0,-,0.0,0.0,https://gall.dcinside.com/mgallery/board/view/?id=minjudang&no=5049653&exception_mode=recommend&search_head=100&page=3,여조꽃 정례조사,여론조사개요는 첨부된 마지막 사진 확인바람이상 자세한 사항은 중앙선거여론조사심의위원회 홈페이지 참조
평택을,토마토,김용남,28.8,유의동,22.5,6.3,https://gall.dcinside.com/mgallery/board/view/?id=minjudang&no=5049521&exception_mode=recommend&search_head=100&page=3,토마토 : 평택을 김용남 28.8% 유의동 22.5% 조국 22.2%,"이번 조사는 <뉴스토마토> 의뢰로 미디어토마토가 지난 1일부터 2일까지 이틀간 만 18세 이상 경기 평택을 선거구 거주 성인남녀 804명을 대상으로 실시됐으며, 표본오차는 95% 신뢰수준에 ±3.5%포인트입니다. 휴대전화 가상번호(안심번호)를 활용한 무선 ARS(자동응답) 방식으로 진행됐으며, 응답률은 7.7%로 집계됐습니다.한편 이번 조사는 2026년 3월 말 행정안전부 주민등록 인구를 기준으로 성별·연령별·지역별 가중값을 산출했고 셀가중을 적용했습니다. 그 밖의 자세한 조사 개요와 결과는 중앙선거여론조사심의위원회 홈페이지를 참조하면 됩니다."
경기 하남갑,토마토,이광재,45.6,이용,37.0,8.6,https://gall.dcinside.com/mgallery/board/view/?id=minjudang&no=5049520&exception_mode=recommend&search_head=100&page=3,토마토 : 경기 하남갑 이광재 45.6% v 이용 37%,"이번 조사는 <뉴스토마토> 의뢰로 미디어토마토가 지난 1일부터 2일까지 이틀간 만 18세 이상 경기 하남갑 선거구 거주 성인남녀 801명을 대상으로 실시됐으며, 표본오차는 95% 신뢰수준에 ±3.5%포인트입니다. 휴대전화 가상번호(안심번호)를 활용한 무선 ARS(자동응답) 방식으로 진행됐으며, 응답률은 6.7%로 집계됐습니다. 공정성 확보와 인물별 경쟁력을 점검키 위해 문항에서 소속 정당과 이름만으로 물었습니다. 2026년 3월 말 행정안전부 주민등록 인구를 기준으로 성별·연령별·지역별 가중값을 산출했고 셀가중을 적용했습니다. 그 밖의 자세한 조사 개요와 결과는 중앙선거여론조사심의위원회 홈페이지를 참조하면 됩니다."
,리얼미터,이재명,59.5,민주,48.6,10.9,https://gall.dcinside.com/mgallery/board/view/?id=minjudang&no=5049519&exception_mode=recommend&search_head=100&page=3,리얼미터 : 이재명 59.5% 민주 48.6% 국힘 31.6%,여론조사개요는 첨부된 그래픽에 적혀있으니 확인바람이상 자세한 사항은 중앙선거여론조사심의위원회 홈페이지 참조
강원 철원군,에이스리서치,민주,44.4,국힘,39.0,5.4,https://gall.dcinside.com/mgallery/board/view/?id=minjudang&no=5049248&exception_mode=recommend&search_head=100&page=3,에이스리서치 : 강원 철원군 민주 44.4% 국힘 39.0%,"1선거구(철원·동송) 한금석 35.9% vs 김동일 51.1%2선거구(김화·갈말 등) 한금석 55.0% vs 김동일 34.1%무소속 고기영 1선거구 11.9% · 2선거구 8.6% 존재감강원도지사 지지율 조사에서는 민주당 우상호 후보 57.8%, 국민의힘 김진태 후보 36%로 나타났다. [2026 지방선거 철원군수 여론조사 개요]■ 조사의뢰 : 강원일보■ 조사기관 : 에이스리서치■ 조사일자 : 2026년 5월 1일 ~ 5월 2일(2일간)■ 대상: 강원특별자치도 철원군에 거주하는 만 18세 이상 남녀 505명■ 조사방법 : 구조화된 설문지를 이용한 ARS 조사(무선 100%)■ 피조사자 선정 방법 : 통신 3사 제공 무선 가상번호■ 응답률 : 11.7%(전체 1만3,411명의 통화시도 중 통화성공 4,301명, 응답완료 505명, 응답률 11.7%)■ 오차 보정 방법 : 2026년 3월 말 행정안전부 발표 주민등록인구통계 기준 셀가중 방식으로 성별·연령대별·지역별 가중치 부여 ■ 표본오차 : 95% 신뢰수준에 ±4.4%포인트■ 내용 : 정당 지지도 및 차기 철원군수 지지도, 선택기준, 차기 강원특별자치도지사 지지도 등(중앙선거여론조사심의위원회 홈페이지 참조)"
민주당 윤리감찰,미상,불공정,44.1,공정,34.2,9.9,https://gall.dcinside.com/mgallery/board/view/?id=minjudang&no=5048513&exception_mode=recommend&search_head=100&page=3,"[전북] 민주당 윤리감찰, 불공정 44.1 공정 34.2","이번 조사에서 민주당 윤리감찰단의 김관영 지사와 이원택 전의원에 대한 윤리감찰이 공정했느냐는 질문에는 공정하지 않다는 응답이 44.1%로 공정하다는 34.2%보다 높았다. 잘 모르겠다는 답변은 21.7%다.민주당 윤리감찰단은 도지사 경선 직전 불거진 김 지사의 이른바 대리운전비 지급과 이 전의원의 정읍 고깃집 식사비 대납에 대해 벌인 감찰에서 불공정 논란을 빚었다.이 조사는 새전북신문이 여론조사 기관 한길리서치에 의뢰해 지난달 30일과 지난 1일까지 이틀간 전북 도내에 거주하는 18세 이상 남녀 1,003명을 대상으로 무선 가상번호 ARS 100%를 통해 조사한 것으로 표본은 4월 말 행정안전부 주민등록 인구 기준으로 성별, 연령별, 지역별, 가중값을 부여해 무작위 추출했다.표본오차는 95% 신뢰수준에 ± 3.4%p며 응답률은 7.0%다. 그 밖의 사항은 중앙선거여론조사심의위원회 홈페이지(www.nesdc.go.kr)를 참조하면 된다."
,미상,이원택,39.6,김관영,36.6,3.0,https://gall.dcinside.com/mgallery/board/view/?id=minjudang&no=5048502&exception_mode=recommend&search_head=100&page=3,[전북] 이원택 39.6 김관영 36.6 오차범위 내 초접전,"새전북신문이 여론조사 전문기관 한길리서치에 의뢰해 지난달 30일과 지난 1일 이틀간 전북도민 1,003명을 대상으로 조사해보니 민주당 공천후보인 이원택 전의원은 응답자의 39.6%가 지지한다고 답했다.김관영 현 지사를 지지한다는 응답은 36.6%로 이 전의원과 이 조사의 표본오차 범위이내다. 국민의힘 양정무 예비후보는 3.0%, 기타 후보는 2.8%, 지지후보가 없다는 응답은 6.6%, 잘 모르겠다는 11.4%다.이 조사는 새전북신문이 여론조사 기관 한길리서치에 의뢰해 지난달 30일과 지난 1일까지 이틀간 전북 도내에 거주하는 18세 이상 남녀 1,003명을 대상으로 무선 가상번호 ARS 100%를 통해 조사한 것으로 표본은 4월 말 행정안전부 주민등록 인구 기준으로 성별, 연령별, 지역별, 가중값을 부여해 무작위 추출했다.표본오차는 95% 신뢰수준에 ± 3.4%p며 응답률은 7.0%다. 그 밖의 사항은 중앙선거여론조사심의위원회 홈페이지(www.nesdc.go.kr)를 참조하면 된다.https://sjbnews.com/news/news.php?number=877664"
적극투표층,미상,김용남,34.9,조국,27.0,7.9,https://gall.dcinside.com/mgallery/board/view/?id=minjudang&no=5048233&exception_mode=recommend&search_head=100&page=3,적극투표층 김용남 34.9 vs 조국 27.0 vs 유의동 15.6,
평택을,한길리서치,김용남,30.8,조국,23.0,7.8,https://gall.dcinside.com/mgallery/board/view/?id=minjudang&no=5048222&exception_mode=recommend&search_head=100&page=3,한길리서치 : 평택을 김용남 30.8% 조국 23% 유의동 19.8%,"※ 이번 조사는 인천일보가 한길리서치에 의뢰해 5월1일부터 2일까지 이틀간 평택을 선거구에 거주하는 만 18세 이상 남녀 500명을 대상으로 진행됐다. 무선전화 가상번호 100.0%를 통한 자동응답 ARS 방식이며, 응답률은 7.7%다. 2026년 3월 말 행정안전부 주민등록 인구 기준으로 성별·연령별·지역별 가중값을 부여했다. 표본오차는 95% 신뢰수준에서 ±4.4%p다. 자세한 내용은 중앙선거여론조사심의위원회 누리집 참조."
평택시을 범여권 후보 적합도,미상,조국,33.8,김용남,30.4,3.4,https://gall.dcinside.com/mgallery/board/view/?id=minjudang&no=5048214&exception_mode=recommend&search_head=100&page=4,평택시을 범여권 후보 적합도 조국 33.8% 김용남 30.4%,
충북 괴산군,리서치제이,민주,39.9,국힘,38.3,1.6,https://gall.dcinside.com/mgallery/board/view/?id=minjudang&no=5046850&exception_mode=recommend&search_head=100&page=4,리서치제이 : 충북 괴산군 민주 39.9% 국힘 38.3%,"㈜충청도민일보가 여론조사 전문기관 리서치제이에 의뢰해 지난 1일 충북 괴산군 만 18세 이상 남녀 506명을 대상으로 실시한 ‘괴산군수 후보 지지도 조사’ 결과, 가상 양자대결에서 이차영 예비후보는 48.3%를 기록했다. 송인헌 예비후보는 45.3%로 조사돼 두 후보 간 격차는 3.0%p였다. 기타 다른 인물은 2.8%, 지지 후보가 없다는 응답은 1.8%, 잘 모르겠다는 응답은 1.7%였다. 정당 지지도는 더불어민주당 39.9%, 국민의힘 38.3%로 조사됐다. 이번 조사는 지난 1일 휴대전화 가상번호 100% 자동응답전화조사 방식으로 진행됐다. 표본은 506명, 응답률은 19.6%, 표본오차는 95% 신뢰수준 ±4.4%p다. 성·연령·지역별 인구비례에 따른 할당 추출 후 2026년 3월 말 행정안전부 주민등록인구통계를 기준으로 림가중 방식의 가중치를 부여했다."
서울 송파구청장,모노리서치,조재희,46.4,서강석,44.1,2.3,https://gall.dcinside.com/mgallery/board/view/?id=minjudang&no=5044882&exception_mode=recommend&search_head=100&page=4,모노리서치 : 서울 송파구청장 조재희 46.4% v 서강석 44.1%,"여론조사기관 (주)모노커뮤니케이션즈·모노리서치가 서울 송파구 거주 만 18세 이상 남녀 500명을 대상으로 지난 4월 30일부터 5월 1일까지 실시한 송파구청장 후보 지지도 조사에 따르면, 조재희 후보 46.4%, 서강석 후보 44.1%를 기록했다. 두 후보 간 격차는 2.3%포인트로, 95% 신뢰수준 표본오차 ±4.4%포인트 안이다. 이어 진보당 김현종 전 민주노동당 송파구위원회 위원장이 2.0%로 집계됐다. ‘지지하는 인물이 없다’는 5.6%, ‘잘 모르겠다·무응답’은 1.9%였다.정당 후보 투표 의향에서도 더불어민주당 후보와 국민의힘 후보가 접전을 보였다. ‘내일이 송파구청장 선거 투표일이라면 어느 정당 후보에게 투표하겠느냐’는 질문에 더불어민주당 후보를 선택한 응답은 45.8%, 국민의힘 후보는 42.4%로 나타났다. 개혁신당 후보는 3.4%, 진보당 후보 1.4%, 조국혁신당 후보 1.3%, 기타 정당 후보 1.7% 순이었다. ‘없다’와 ‘잘 모르겠다·무응답’은 각각 2.0%였다.(중략)이번 조사는 서울 송파구 거주 만 18세 이상 남녀 500명을 대상으로 무선전화 ARS 방식으로 진행됐다. 표본은 통신 3사에서 무작위 추출해 제공받은 가상번호 100%를 활용했으며, 응답률은 8.0%다. 표본오차는 95% 신뢰수준에서 ±4.4%포인트, 성별·연령별·지역별 가중값은 2026년 3월 말 행정안전부 주민등록 인구 기준에 따라 적용됐다. 이번 조사는 중앙선거여론조사심의위원회에 신고된 조사로 여론조사기관은 (주)모노커뮤니케이션즈·모노리서치다.출처: 스마트투데이(https://www.smarttoday.co.kr)"
한동훈,미상,다자대결,3.0,-,0.0,3.0,https://gall.dcinside.com/mgallery/board/view/?id=minjudang&no=5044113&exception_mode=recommend&search_head=100&page=4,한동훈 다자대결 3위는 최악의 상황이라고 하네,가발이 박민식을 10% 넘게 압도적으로 누르지 못하는 이상 국힘이 단일화 해줄 가능성 제로라고 한다 애초에 샤이 우파들 목표가 하정우보다 더 죽을만큼 싫은 한동훈 보이콧이라 국힘이 이기지 못할바엔 너죽고 나죽자 루틴이고선거 막판에 하정우 선두로 2자 대결 구도 굳어지면 갈곳 잃은 보수 표심이 박민식으로 결집할 확률 매우 높다고함우리가 상상하는것 이상으로 영남 보수들 상당수가 한동훈을 극단적으로 혐오하고 미워한다고 하는게 저쪽애들 중론임.
,미상,-,0.0,-,0.0,0.0,https://gall.dcinside.com/mgallery/board/view/?id=minjudang&no=5041498&exception_mode=recommend&search_head=100&page=4,"여조M 서울,부산,대구,인천,대전,울산,세종,강원,충남,경북,경남,제주",서울 정 47.5 vs 오 32.2 후보 확정후 격차가 조금 줄었지만 이후에는 유지 부산 전 44.7 vs 박 35.8 역시 후보 확정후 격차가 꽤 줄섰지만 다시 야금야금 늘어나는중 대구 김 43.6 vs 추 35.6 후보 확정 후 격차가 줄어드는 추세 인천 박 51.6 vs 유 31.1 격차유지 대전 허 52.6 vs 이 30.4 격차유지 울산 김상욱 42.6 vs 김두겸 32.0 vs 김종훈 15.9 희한하게 없음을 김두겸이 아닌 김상욱이 흡수하며 격차가 벌어지는중 세종 조 50.2 vs 최 19.2 격차유지 강원 우 47.3 vs 김 35.3 격차유지 충남 박 46.8 vs 김 27.5 격차가 벌어지는중 경북 이 52.2 vs 오 24.4 오중기가 추격중 경남 김 46.7 vs 박 38.7 여기도 희한하게 없음을 김경수가 흡수하며 격차가 증가하는 중 제주 위 45.3 vs 문 7.5 말할것도 없음
,한국갤럽,이재명,64.0,민주,46.0,18.0,https://gall.dcinside.com/mgallery/board/view/?id=minjudang&no=5041476&exception_mode=recommend&search_head=100&page=4,한국갤럽 : 이재명 64% 민주 46% 국힘 21%,"조사 개요- 조사기간: 2026년 4월 28~30일- 표본추출: 이동통신 3사 제공 무선전화 가상번호 무작위 추출- 응답방식: 전화조사원 인터뷰(CATI)- 조사대상: 전국 만 18세 이상 1,002명- 표본오차: ±3.1%포인트(95% 신뢰수준) – 주요 지표 표준오차·신뢰구간·상대표준오차 제시- 접촉률: 39.2%(전체 투입 유효 번호 대비 통화 연결)- 응답률: 13.3%(총통화 7,539명 중 1,002명 응답 완료)- 의뢰처: 한국갤럽 자체 조사이상 자세한 사항은 중앙선거여론조사심의위원회 홈페이지 참조"
서산 민주,리얼미터,맹정호,46.5,이완섭,41.8,4.7,https://gall.dcinside.com/mgallery/board/view/?id=minjudang&no=5041424&exception_mode=recommend&search_head=100&page=4,"리얼미터: 서산, 민주 맹정호 46.5% 국힘 이완섭 41.8%",- dc official App
,여조꽃,-,0.0,-,0.0,0.0,https://gall.dcinside.com/mgallery/board/view/?id=minjudang&no=5041312&exception_mode=recommend&search_head=100&page=4,여조꽃 : 인천,여론조사개요는 첨부된 마지막 사진 확인바람이상 자세한 사항은 중앙선거여론조사심의위원회 홈페이지 참조
,여조꽃,-,0.0,-,0.0,0.0,https://gall.dcinside.com/mgallery/board/view/?id=minjudang&no=5041308&exception_mode=recommend&search_head=100&page=4,여조꽃 : 경북,여론조사개요는 첨부된 마지막 사진 확인바람이상 자세한 사항은 중앙선거여론조사심의위원회 홈페이지 참조
,여조꽃,-,0.0,-,0.0,0.0,https://gall.dcinside.com/mgallery/board/view/?id=minjudang&no=5041306&exception_mode=recommend&search_head=100&page=4,여조꽃 : 경남,여론조사개요는 첨부된 마지막 사진 확인바람이상 자세한 사항은 중앙선거여론조사심의위원회 홈페이지 참조
,KSOI,-,0.0,-,0.0,0.0,https://gall.dcinside.com/mgallery/board/view/?id=minjudang&no=5040495&exception_mode=recommend&search_head=100&page=4,KSOI : 경남 진주시,여론조사개요는 첨부된 마지막 사진 확인바람이상 자세한 사항은 중앙선거여론조사심의위원회 홈페이지 참조
,KSOI,-,0.0,-,0.0,0.0,https://gall.dcinside.com/mgallery/board/view/?id=minjudang&no=5040491&exception_mode=recommend&search_head=100&page=4,KSOI : 경남 창원시,여론조사개요는 첨부된 마지막 사진 확인바람이상 자세한 사항은 중앙선거여론조사심의위원회 홈페이지 참조
부산 북갑 적극투표층,한국리서치,하정우,36.0,한동훈,27.0,9.0,https://gall.dcinside.com/mgallery/board/view/?id=minjudang&no=5040278&exception_mode=recommend&search_head=100&page=4,한국리서치 : 부산 북갑 적극투표층 하정우 36 한동훈 27 박민식 26,여론조사개요는 첨부된 사진에서 확인바람이상 자세한 사항은 중앙선거여론조사심의위원회 홈페이지 참조
부산 북갑,한국리서치,하정우,30.0,박민식,25.0,5.0,https://gall.dcinside.com/mgallery/board/view/?id=minjudang&no=5040272&exception_mode=recommend&search_head=100&page=4,한국리서치 : 부산 북갑 하정우 30% 박민식 25% 한동훈 24%,여론조사개요는 첨부된 마지막 사진 확인바람이상 자세한 사항은 중앙선거여론조사심의위원회 홈페이지 참조
,한국리서치,-,0.0,-,0.0,0.0,https://gall.dcinside.com/mgallery/board/view/?id=minjudang&no=5040269&exception_mode=recommend&search_head=100&page=4,"한국리서치 : 대전, 충남, 세종",여론조사개요는 첨부된 마지막 사진 확인바람이상 자세한 사항은 중앙선거여론조사심의위원회 홈페이지 참조
대구시장,한국리서치,김부겸,38.0,추경호,31.0,7.0,https://gall.dcinside.com/mgallery/board/view/?id=minjudang&no=5040266&exception_mode=recommend&search_head=100&page=4,한국리서치 : 대구시장 김부겸 38% v 추경호 31%,여론조사개요는 첨부된 마지막 사진 확인바람이상 자세한 사항은 중앙선거여론조사심의위원회 홈페이지 참조p.s소수점 올림&버림 안한 수치 (오차범위 벗어남)
서울시장,한국리서치,정원오,43.0,오세훈,32.0,11.0,https://gall.dcinside.com/mgallery/board/view/?id=minjudang&no=5040264&exception_mode=recommend&search_head=100&page=4,한국리서치 : 서울시장 정원오 43% v 오세훈 32%,여론조사개요는 첨부된 마지막 사진 확인바람이상 자세한 사항은 중앙선거여론조사심의위원회 홈페이지 참조
서울시장 적극투표층,코리아리서치,정원오,57.0,오세훈,32.0,25.0,https://gall.dcinside.com/mgallery/board/view/?id=minjudang&no=5039826&exception_mode=recommend&search_head=100&page=4,코리아리서치 : 서울시장 적극투표층 정원오 57% v 오세훈 32%,"●조사의뢰 : MBC ●조사기관 : (주)코리아리서치인터내셔널 ●조사지역 : 서울특별시 ●조사기간 : 2026년 4월 28일~29일 (2일간) ●조사대상 : 서울 거주 만 18세 이상 ●조사방법 : 통신 3사 휴대전화 가상(안심)번호(100%) 전화면접 ●피조사자 선정방법 : 성·연령·지역별 할당 ●응답률 : 12.3% (6,519명 중 800명) ●가중치값 산출 및 적용방법 : 성·연령·지역별 가중값 부여(셀가중, 2026년 3월 말 행정안전부 주민등록인구통계 기준) ●표본오차 : 95% 신뢰 수준 ±3.5%포인트 ●질문내용 : 중앙선거여론조사심의위원회 홈페이지 참조 - dc official App"
32,MBC 서울48,부산,48.0,대구,44.0,4.0,https://gall.dcinside.com/mgallery/board/view/?id=minjudang&no=5039797&exception_mode=recommend&search_head=100&page=4,MBC 서울48:32 대구44:35 부산48:34,
,미상,-,0.0,-,0.0,0.0,https://gall.dcinside.com/mgallery/board/view/?id=minjudang&no=5039787&exception_mode=recommend&search_head=100&page=4,"대구 - 부산, 민주당 후보 오차범위 밖으로 앞서","정당 지지도 역시 더불어민주당 33%, 국민의힘 38% 순이었고, '없음·무응답'은 18%였습니다.정당지지도는 더불어민주당 44%, 국민의힘 33%, 개혁신당 2% 순이었습니다.●조사의뢰 : MBC●조사기관 : (주)코리아리서치인터내셔널●조사지역 : 대구광역시 / 부산광역시●조사기간 : 2026년 4월 28일~29일 (2일간)●조사대상 : 대구/부산 거주 만 18세 이상●조사방법 : 통신 3사 휴대전화 가상(안심)번호(100%) 전화면접●피조사자 선정방법 : 성·연령·권역별 할당●응답률 : 15.9% (5,040명 중 803명) / 16.8% (4,754명 중 800명)●가중치값 산출 및 적용방법 : 성·연령·지역별 가중값 부여(셀가중, 2026년 3월 말 행정안전부 주민등록인구통계 기준)●표본오차 : 95% 신뢰 수준 ±3.5%포인트●질문내용 : 중앙선거여론조사심의위원회 홈페이지 참조"
충북지사,리얼미터,신용한,49.5,김영환,38.7,10.8,https://gall.dcinside.com/mgallery/board/view/?id=minjudang&no=5039753&exception_mode=recommend&search_head=100&page=4,리얼미터 : 충북지사 신용한 49.5% v 김영환 38.7%,"이번 조사는 ‘미디어 날’과 ‘미디어태희’의 공동 의뢰로 여론조사기관 리얼미터가 4월 28일부터 29일까지 이틀간 충북 도내 만 18세 이상 남녀 804명을 대상으로 이루어졌으며, 표본오차는 95% 신뢰수준에서 ±3.5%포인트다. 이상 자세한 사항은 중앙선거여론조사심의위원회 홈페이지 참고바람. - dc official App"
창원시장 민주,미상,송순호,38.8,강기윤,38.8,0.0,https://gall.dcinside.com/mgallery/board/view/?id=minjudang&no=5039217&exception_mode=recommend&search_head=100&page=4,창원시장 민주 송순호 38.8% 국힘 강기윤 38.8%,https://www.nesdc.go.kr/portal/bbs/B0000005/view.do?nttId=18403&menuNo=200467&searchTime=&sdate=&edate=&pdate=&pollGubuncd=&searchCnd=&searchWrd=&pageIndex=3 중앙선거여론조사심의위원회중앙선거여론조사심의위원회www.nesdc.go.kr개혁신당 4.9% 조국혁신당 3.6%순 - dc official App
,리얼미터,-,0.0,-,0.0,0.0,https://gall.dcinside.com/mgallery/board/view/?id=minjudang&no=5038792&exception_mode=recommend&search_head=100&page=4,리얼미터 : 충남 공주시,"이번 여론조사는 <굿모닝충청>이 ㈜리얼미터에 의뢰해 공주시 만 18세 이상 남녀를 대상으로 지난 26일부터 27일까지 이틀간 진행됐다. 조사방법은 구조화된 설문지를 이용한 자동응답(ARS) 조사이며, 무선 전화 가상번호 100%(국내 통신사 SKT·KT·LGU+ 제공, 무선 전화 가상번호 리스트)를 표집틀로 실시했다. 표본 수는 502명이다. 표본추출 방법은 성별·연령대별·권역별 인구 구성비에 따른 비례 할당 추출이며, 가중값 산출은 성·연령·권역별 가중 부여(2026년 3월 말 행정안전부 주민등록인구통계 기준)를 적용했다. 응답률은 9.6%(총 5253명 중 502명 응답 완료), 표본오차는 95% 신뢰수준에 ±4.4%p다. 자세한 내용은 중앙선거여론조사심의위원회 누리집을 참조하면 된다. - dc official App"
,미상,-,0.0,-,0.0,0.0,https://gall.dcinside.com/mgallery/board/view/?id=minjudang&no=5037672&exception_mode=recommend&search_head=100&page=4,리얼미터 대구 여조 종합,
대구시장,리얼미터,김부겸,47.5,추경호,39.8,7.7,https://gall.dcinside.com/mgallery/board/view/?id=minjudang&no=5037657&exception_mode=recommend&search_head=100&page=4,리얼미터 : 대구시장 김부겸 47.5% v 추경호 39.8%,여론조사개요는 첨부된 마지막 사진 확인바람이상 자세한 사항은 중앙선거여론조사심의위원회 홈페이지 참조
인천 서구,한국갤럽,이재명,71.0,민주,46.0,25.0,https://gall.dcinside.com/mgallery/board/view/?id=minjudang&no=5037267&exception_mode=recommend&search_head=100&page=4,한국갤럽 : 인천 서구 이재명 71% 민주 46% 국힘 21%,"※ 이번 여론조사는 경인일보가 여론조사 전문기관 한국갤럽조사연구소에 의뢰해 지난 27~28일 이틀간 인천시 서구(검단구 지역 제외)에 거주하는 만 18세 이상 남녀 503명을 대상으로 진행했다. 휴대전화 가상(안심)번호를 무작위로 추출해 100% 전화 조사원 인터뷰(CATI)를 실시했다. 표본오차는 95% 신뢰수준에서 ±4.4%p, 응답률은 10.7%다. 2026년 3월 말 행정안전부 주민등록 인구를 기준으로 성별, 연령별, 지역별 가중치(셀가중)를 적용했다. 자세한 사항은 중앙선거여론조사심의위원회 홈페이지를 참조하면 된다."
대구시장,한길리서치,추경호,46.1,김부겸,42.6,3.5,https://gall.dcinside.com/mgallery/board/view/?id=minjudang&no=5037263&exception_mode=recommend&search_head=100&page=4,한길리서치 : 대구시장 김부겸 42.6% v 추경호 46.1%,"https://n.news.naver.com/mnews/article/088/0001007827?sid=100 김부겸·추경호 '초박빙 승부'… 대구 민심, 세대·지역 따라 차이대구시장 선거가 오차범위 내 초접전 양상을 보이는 가운데 중장년층 및 수성구에서는 김부겸 후보가, 전통적 보수 강세 지역인 중·남구와 노년층에서는 추경호 후보가 각각 경쟁력을 증명, 지역과 세대별로 구분되는 민심을n.news.naver.com매일신문이 한길리서치에 의뢰해 지난 27·28일 대구에 사는 만 18세 이상 남·녀 1천4명을 대상으로 실시한 무선 ARS 여론조사(95% 신뢰수준에 오차범위 ±3.1%포인트) 결과 김부겸 민주당 후보와 추경호 국민의힘 후보는 각각 42.6%, 46.1%의 지지율로 오차범위 내 초접전을 이뤘다.구도심 지역인 중구·남구에서는 김 후보 지지율은 35.4%, 추 후보 지지율은 53.2%로 추 후보 강세가 관측됐고, 동구·수성구에서는 김 후보가 46.5%, 추 후보가 43.9%였다. 수성구는 김 후보가 20대 국회의원으로 당선됐던 수성구갑을 품고 있다.대구국가산단과 성서산단 등 제조업 기반이 몰려 있는 달성군·달서구에서는 김 후보가 42.7%, 추 후보가 46.6%였다. 서구·북구·군위군에서는 김 후보가 40.9%, 추 후보가 45.3%였다.홍형식 한길리서치 소장은 ""달서구와 달성군 '제조업 노동자 벨트', 동구와 수성구의 진보적 고학력자 인구가 김 후보 지지로 이어진 것으로 보인다""고 해석했다.세대별 차이는 권역별 격차에 비해 훨씬 뚜렷했다. 김 후보는 30대와 40대, 50대에서 각각 49.1%, 54.8%, 51.2%의 지지율로 강세를 확인했다.반면 추 후보는 70대 이상에서 72.8%의 지지를 얻으며 크게 앞섰고, 18세~20대에서도 45.1%의 선택을 받으며 상대적 우위를 보였다.60대는 김 후보(45.6%)와 추 후보(46.5%)가 엇비슷한 지지율을 보이며 팽팽한 접전을 이뤘다.지지정당별로는 민주당 지지자의 95.4%가 김 후보를 택하며 당의 지지가 거의 온전히 후보에 대한 지지로 이어지는 경향을 보였다. 반면 국민의힘 지지층에서는 84.1%가 추 후보를 지지한다고 밝혀 약간의 차이를 보였다.◆정당지지율 및 투표의향정당지지율은 국민의힘이 48.5%로 가장 높았으나 과반을 넘지 못했다. 더불어민주당은 31.3%로 30%를 넘겼다. 이어 개혁신당 3.3%, 조국혁신당 2.3%의 분포를 보였다. 지지정당이 없다는 응답이 8.8%, '잘모름'이 3.5%였다.세대별로는 18세~20대와 60대, 70대 이상의 국민의힘 지지가 높았고, 40대는 유일하게 민주당 지지층이 43.4%로 국민의힘(31.6%)보다 더 높게 나왔다. 나머지 연령대에서는 양 정당 사이의 지지율 격차가 크지 않았다.지역별로는 중구·남구에서 국민의힘 지지율이 51.1%로 가장 높게 나왔고, 달성·달서에서 46.4%로 가장 낮게 나왔다.반대로 민주당은 달성군·달서구에서의 지지율이 34.8%로 가장 높았고, 중구남구에서는 28.3%로 열세였다.유권자들의 투표의향은' 반드시 투표하겠다'가 62.7%로 가장 많았고, '가능하면 투표하겠다'가 23.3%였다. 이어서 '투표하는 날 가봐야 알겠다'가 8.0%, 투표하지 못하거나 안할 것 같다가 3.6%였다.지지정당별 투표 의사를 살펴보면 민주당 지지층의 투표 의향이 국민의힘 지지층보다 높게 나왔다.민주당 지지층에서는 74.4%가 '반드시 투표하겠다'고 답했고, 20.4%는 '가능하면 투표하겠다'고 답했다. 국민의힘 지지층에서는 64.1%가 '반드시 투표하겠다'고, 25.0%가 '가능하면 투표하겠다'고 했다.〈조사설계〉▷조사대상·표본크기 : 대구시 거주 만 18세 이상 남녀 1,004명▷조사기간 : 2026년 4월 27~28일▷응답률 : 6.8%▷조사방법 : 무선(가상번호) ARS 100%▷표본추출방법 : 성/연령/지역별 할당 무작위 추출▷가중치 산출 및 적용방법 : 성별 연령별 지역별 가중치 부여(2026년 2월말 행정안전부 주민등록인구 기준)▷표본오차 : 95% 신뢰수준에 오차범위 ±3.1%p▷조사기관 : 한길리서치*기타 자세한 사항은 중앙선거여론조사심의위원회 홈페이지 참조"
경남 진주시,경남통계리서치,국힘,39.3,민주,37.9,1.4,https://gall.dcinside.com/mgallery/board/view/?id=minjudang&no=5035682&exception_mode=recommend&search_head=100&page=4,경남통계리서치 : 경남 진주시 국힘 39.3% 민주 37.9%,"뉴스경남이 경남통계리서치에 의뢰해 진주시에 거주하는 만 18세 이상 남녀 유권자 502명을 대상, 휴대전화 가상번호(82%), 유선전화RDD(18%) 혼합 ARS자동응답 조사 방식으로 지난 4월 26일부터 27일까지 이틀간 실시한 여론조사 결과에 따르면, 차기 진주시장 지지도는 무소속 조규일 후보가 35.1%로 1위를 기록했다. 이어 국민의힘 한경호 후보 26.0%, 더불어민주당 갈상돈 후보 23.3% 순으로 나타났다. 한경호 갈상돈 두 후보 간 격차는 오차범위 내 접전이지만, 조 후보는 오차범위 밖에서 앞서며 독주 체제를 형성한 것으로 분석된다.이번 결과는 조규일 후보가 무소속 출마를 선언한 이후 공개된 여론조사라는 점에서 주목된다. 기존 정당 구도에서 벗어난 현직 프리미엄과 인지도, 행정 경험이 결합되며 지지층을 폭넓게 흡수한 것으로 보인다. 특히 정당 지지와 무관하게 선택하는 인물 투표 성향이 일정 부분 반영된 결과로 해석된다.정당 지지도 변화도 눈에 띈다. 같은 조사에서 국민의힘은 39.3%, 더불어민주당은 37.9%로 집계됐다. 이는 지난 2월 9일 조사에서 국민의힘 51.4%, 민주당 31.9%였던 것과 비교하면, 양당 간 격차가 눈에 띄게 줄어든 것이다. 불과 두 달여 만에 정치 지형이 급격히 재편된 셈이다.(중략)-조사개요-조사의뢰:뉴스경남조사기관 : ㈜경남통계리서치조시기간 : 2026년 4월 26 ~27일조사대상:경상남도 진주시 거주 만 세 이상 남녀조사방법 : 구조화된 설문지를 이용한 무선(82%) 유선(18%) 혼합 자동응답 조사피조사자 선정방법 : 통신3사 무선ARS 무작위 추출, 유선 ARS 유선전화번호 RDD표본크기 :502명응답률 : 4.8%(10446명 중 502명 응답)가중값 : 성 연령 지역별 가중값 부여(셀 가중)표본오차 : 95% 신뢰수준에서 최대허용오차 ±4.4%자세한 내용은 중앙선거여론조사심의위원회 홈페이지에서 확인할 수 있다.https://www.newsgn.com/news/articleView.html?idxno=549513 진주시장 선거 ‘3강 구도’…조규일 선두 속 단일화 변수 부상오는 6·3 전국동시지방선거를 앞두고 경남 진주시장 선거 판세가 요동치고 있다. 최근 실시된 여론조사에서 무소속 조규일 후보가 선두를 기록한 가운데, 정당 지지도 역시 국민의힘과 더불어민주당 간 격차가 크게 좁혀지며 선거 구도가 ‘3강 경쟁’으로 재편되는 양상이다.뉴스경남이 경남통계리www.newsgn.comp.s 기사 본문의 2월 여조 조사개요■ 조사기간 : 2026년 2월 6~8일■표본추출 : 통신 3사 제공 무선ARS·유선ARS(유선전화번호RDD)■응답방식 : 구조화된 설문지를 이용한 무선(80%), 유선(20%) 혼합 ARS 자동응답조사■조사대상 : 진주시 거주 만18세 이상 남녀■표본오차 : ±3.1%p■가중값 산출 및 적용:성/연령/지역별 가중값 부여(셀가중) (2025년 12월 행정안전부 주민등록 인구기준)■응답율 : 3.5%(28,755명 중 1000명)■조사기관 : (주)경남통계리서치■조사의뢰 : 뉴스경남자세한 내용은 중앙선거여론조사심의위원회 홈페이지에서 확인할 수 있다."
,여조꽃,-,0.0,-,0.0,0.0,https://gall.dcinside.com/mgallery/board/view/?id=minjudang&no=5035490&exception_mode=recommend&search_head=100&page=4,여조꽃 : 부산 북갑,여론조사개요는 첨부된 마지막 사진 확인바람이상 자세한 사항은 중앙선거여론조사심의위원회 홈페이지 참조
,여조꽃,-,0.0,-,0.0,0.0,https://gall.dcinside.com/mgallery/board/view/?id=minjudang&no=5035486&exception_mode=recommend&search_head=100&page=4,여조꽃 : 경기 평택을,여론조사개요는 첨부된 마지막 사진 확인바람이상 자세한 사항은 중앙선거여론조사심의위원회 홈페이지 참조
,심재국 48.0%,한왕기,46.3,-,0.0,46.3,https://gall.dcinside.com/mgallery/board/view/?id=minjudang&no=5035082&exception_mode=recommend&search_head=100&page=4,[평창군수 여론조사]심재국 48.0%-한왕기 46.3%,"■ 조사의뢰 : 강원일보 ■ 조사기관 : 에이스리서치 ■ 조사일자 : 2026년 4월 26일 ~ 4월 27일(2일간)■ 대상: 강원특별자치도 평창군에 거주하는 만 18세 이상 남녀 505명 ■ 조사방법 : 구조화된 설문지를 이용한 ARS 조사(무선 100%) ■ 피조사자 선정 방법 : 통신 3사 제공 무선 가상번호 ■ 응답률 : 14.0%(전체 1만3,566명의 통화시도 중 통화성공 3,597명, 응답완료 505명, 응답률 14.0%) ■ 오차 보정 방법 : 2026년 3월 말 행정안전부 발표 주민등록인구통계 기준 셀가중 방식으로 성별·연령대별·지역별 가중치 부여 ■ 표본오차 : 95% 신뢰수준에 ±4.4%포인트■ 내용 : 정당 지지도 및 차기 평창군수 지지도, 선택기준, 차기 강원특별자치도지사 지지도 등 (중앙선거여론조사심의위원회 홈페이지 참조)https://kwnews.co.kr/page/view/2026042850144300000"
,리얼미터,-,0.0,-,0.0,0.0,https://gall.dcinside.com/mgallery/board/view/?id=minjudang&no=5034706&exception_mode=recommend&search_head=100&page=4,리얼미터 : 부산 연제구,"이번 조사는 현장언론 민플러스 의뢰로 여론조사 전문기관 리얼미터가 2026년 4월 27일부터 28일까지 부산 연제구 선거구 거주 만 18세 이상 남녀 503명을 대상으로 무선 ARS 방식(휴대전화 가상번호 100%)으로 실시했다. 표본오차는 95% 신뢰수준에 ±4.4%p이며, 응답률은 8.6%다. 자세한 내용은 현장언론 민플러스 홈페이지와 중앙선거여론조사심의위원회 홈페이지에서 확인할 수 있다. - dc official App"
경남 창원시 경남도지사,이너텍,박완수,42.2,김경수,41.5,0.7,https://gall.dcinside.com/mgallery/board/view/?id=minjudang&no=5034146&exception_mode=recommend&search_head=100&page=4,이너텍 : 경남 창원시 경남도지사 김경수 41.5% v 박완수 42.2%,여론조사개요는 첨부된 마지막 사진 확인바람이상 자세한 사항은 중앙선거여론조사심의위원회 홈페이지 참조
대전시장,펜앤마-공정,허태정,50.8,이장우,34.9,15.9,https://gall.dcinside.com/mgallery/board/view/?id=minjudang&no=5032400&exception_mode=recommend&search_head=100&page=4,펜앤마-공정 : 대전시장 허태정 50.8% v 이장우 34.9%,"펜앤마이크가 여론조사 전문기관 여론조사공정(주)에 의뢰해 지난 25일과 26일 이틀간 만 18세 이상 대전시민 801명을 대상으로구조화된 설문지를 이용한 무선 ARS 전화조사로 무선 RDD(100%), 전체 응답률은 6.6%다. 표본오차는 95% 신뢰수준에 ±3.5%p였으며 성, 연령, 지역별 인구비례에 따른 할당 추출로 올해 3월말 행정안전부 주민등록인구통계 기준 성, 연령, 지역별 가중치가 부여(림가중)됐다. 보다 자세한 사항은 중앙선거여론조사심의위원회 홈페이지를 참조하면 된다."
강원,리얼미터,민주,51.6,국힘,31.6,20.0,https://gall.dcinside.com/mgallery/board/view/?id=minjudang&no=5033961&exception_mode=recommend&search_head=100&page=4,리얼미터 : 강원 민주 51.6% 국힘 31.6%,"---------------2차 여론조사 개요------------- 의뢰 기관: 춘천MBC, 원주MBC, MBC강원영동- 조사 기관: (주)리얼미터- 조사 대상: 강원도 만 18세 이상 남녀 839명- 조사 기간: 2026년 4월 23~24일- 표본 구성: 무선 전화 가상번호 100%- 표본추출방법: 성별/연령대별/권역별 인구 구성비에 따른 비례할당추출- 표집틀: 국내 통신사 제공, 무선 전화 가상번호 리스트- 표본오차: 95% 신뢰수준에서 ±3.4%포인트- 조사 방법: 구조화된 설문지를 이용한 자동응답(ARS) 조사- 가중값 산출 및 적용 : 성별, 연령대별, 권역별 가중 부여- 응답률 : 7.4% (총 응답 11,350명 중 839명 응답 완료)- 그 밖의 사항은 중앙선거여론조사심의위원회 홈페이지 참조---------------1차 여론조사 개요------------의뢰 기관 : 춘천MBC, 원주MBC, MBC강원영동조사 기관 : (주)리얼미터조사 기간 : 강원도 2026년 2월 4~5일 춘천시 2026년 2월 2~3일 원주시·강릉시 2026년 2월 3~4일조사방법 : 구조화된 설문지를 이용한 자동응답(ARS) 조사그 밖의 사항은 중앙선거여론조사심의위원회 홈페이지 참조"
부산시장,바로미터,전재수,43.9,박형준,39.2,4.7,https://gall.dcinside.com/mgallery/board/view/?id=minjudang&no=5032342&exception_mode=recommend&search_head=100&page=4,바로미터 : 부산시장 전재수 43.9% v 박형준 39.2%,"조사개요이번 여론조사는 바로비터연구소가 코리아이글뉴스 의뢰로 부산시에 거주하는 만 18세 이상 남녀 1,010명을 대상으로 4월 25일부터 26일까지 이틀간 무선 ARS 방식으로 실시했으며, 표본오차는 95% 신뢰수준에서 ±3.1%p이다. 응답률은 6.5%이다.이상 자세한 사항은 중앙선거여론조사심의위원회 홈페이지 참조"
경기 성남시장,한길리서치,김병욱,43.6,신상진,38.2,5.4,https://gall.dcinside.com/mgallery/board/view/?id=minjudang&no=5031942&exception_mode=recommend&search_head=100&page=4,한길리서치 : 경기 성남시장 김병욱 43.6% v 신상진 38.2%,"이번 조사는 인천일보가 ㈜한길리서치에 의뢰해 4월 25일부터 26일까지 이틀간 성남시에 거주하는 만 18세 이상 남녀 503명을 대상으로 진행됐다. 무선전화 가상번호(100.0%)를 통한 자동응답(ARS) 방식이며, 응답률은 5.6%다. 2026년 3월 말 행정안전부 주민등록 인구 기준으로 성별·연령별·지역별 가중값을 부여했다. 표본오차는 95% 신뢰수준에서 ±4.4%p다. 자세한 내용은 중앙선거여론조사심의위원회 누리집 참조."
울산,토마토,김상욱,40.3,김두겸,28.9,11.4,https://gall.dcinside.com/mgallery/board/view/?id=minjudang&no=5031940&exception_mode=recommend&search_head=100&page=4,토마토:울산 김상욱40.3v김두겸28.9v김종훈15.4v박맹우8.9,"이번 조사는 <뉴스토마토> 의뢰로 미디어토마토가 지난 25일부터 26일까지 이틀간 만 18세 이상 울산광역시 거주 성인남녀 1006명을 대상으로 실시됐으며, 표본오차는 95% 신뢰수준에 ±3.1%포인트입니다. 휴대전화 가상번호(안심번호)를 활용한 무선 ARS(자동응답) 방식으로 진행됐으며, 응답률은 7.0%로 집계됐습니다. 공정성 확보와 인물별 경쟁력을 점검키 위해 문항에서 직책은 뺀 채 소속 정당과 이름만으로 물었습니다. 2026년 3월 말 행정안전부 주민등록 인구를 기준으로 성별·연령별·지역별 가중값을 산출했고 셀가중을 적용했습니다. 그 밖의 자세한 조사 개요와 결과는 중앙선거여론조사심의위원회 홈페이지를 참조하면 됩니다."
경기용인 이대통령,갤럽,잘한다,69.0,-,0.0,69.0,https://gall.dcinside.com/mgallery/board/view/?id=minjudang&no=5030836&exception_mode=recommend&search_head=100&page=4,"갤럽: 경기용인, 이대통령 잘한다 69%","○지방선거 인식국정지원 53% 정권견제 34% 모름 13%○용인시 정당지지도민주 48% 국힘 24% 없음/모름 20%○연령별 지지도민주당, 40~60대 앞서40대70% 50대 60대서 50%대 지지율 국힘, 70대 이상서 55% 민주 27%20대, 민주25% 국힘 22%"
강원도지사,리얼미터,우상호,50.6,김진태,36.4,14.2,https://gall.dcinside.com/mgallery/board/view/?id=minjudang&no=5030038&exception_mode=recommend&search_head=100&page=4,리얼미터 : 강원도지사 우상호 50.6% v 김진태 36.4%,해당 여론조사 개요들은 첨부된 마지막 사진에서 확인바람이상 자세한 사항은 중앙선거여론조사심의위원회 홈페이지 참조
비전코리아),미상,김민석,27.6,정청래,25.3,2.3,https://gall.dcinside.com/mgallery/board/view/?id=minjudang&no=5030476&exception_mode=recommend&search_head=100&page=4,비전코리아) 김민석 27.6 정청래 25.3,"https://allresearch.kr/nmy.asp?cid=30686&motherid=&qno=&n=118981제9회 전국동시지방선거를 37일 앞두고 실시된 「8월 민주당 전당대회 정청래 vs 김민석 양자대결」조사에서 김민석 현 국무총리가 27.6%를 얻어 25.3%를 얻은 정청래 현 더불어민주당 대표와 2.3%포인트 차이로 초접전을 보였다. 조사기관 비전코리아가 4월 26일에서 27일까지 이틀간 실시하여 21일 발표한 「8월 민주당 전당대회 정청래 vs 김민석 양자대결」을 묻는 조사에서 김민석 현 국무총리는 직전 조사 대비 0.7%p 떨어진 27.6%로 1위를, 정청래 현 더불어민주당 대표는 2.3%p 떨어진 25.3%로 2위를 하는 것으로 기록되었다. 한편 「적합후보 없음」33.6%,「잘 모르겠음」13.5%로 나타났다. 김민석 현 국무총리는 더불어민주당 지지층(41%) 광주.전남.전북 (39.2%) 강원.제주 (37%) 진보 응답층(35.8%) 중도 응답층(33.2%)에서 높았고, 정청래 현 더불어민주당 대표는 진보 응답층(39.9%) 더불어민주당 지지층(38.2%) 조국혁신당 지지층(34.2%) 광주.전남.전북 (32.4%) 40대 연령층(32.4%)에서 상대적으로 높은 경쟁력을 보였다."
용인시장,한국갤럽,현근택,43.0,이상일,36.0,7.0,https://gall.dcinside.com/mgallery/board/view/?id=minjudang&no=5030187&exception_mode=recommend&search_head=100&page=4,한국갤럽 : 용인시장 현근택 43% v 이상일 36%,"현 전 부원장은 수지구에서 47%를 얻어 31%를 기록한 이 시장보다 높았다.반면 기흥구에선 두 후보의 선호도가 39%로 동일하게 나타났다.처인구의 경우 현 전 부원장이 44%, 이 시장이 36%로 오차범위 내 였다.한편 이번 여론조사에서 정당 지지도는 더불어민주당이 48%, 국민의힘이 24%로 조사됐다.조국혁신당이 4%, 개혁신당이 3%, 그 외 정당이 1%로 각각 나타났다.지지 정당이 없다는 응답률은 18%였다. 모름/응답 거절은 2%였다.■ 이번 여론조사는 경인일보가 여론조사 전문기관 한국갤럽조사연구소에 의뢰해 지난 25~26일 이틀간 용인특례시에 거주하는 만 18세 이상 남녀 500명을 대상으로 진행했다. 휴대전화 가상(안심)번호를 무작위로 추출해 100% 전화 조사원 인터뷰(CATI)를 실시했다. 표본오차는 95% 신뢰수준에서 ±4.4%p, 응답률은 15.5%다. 2026년 3월 말 행정안전부 주민등록 인구를 기준으로 성별, 연령별, 지역별 가중치(셀가중)를 적용했다. 자세한 사항은 중앙선거여론조사심의위원회 홈페이지를 참조하면 된다."
,미상,최상기,51.4,엄윤순,34.7,16.7,https://gall.dcinside.com/mgallery/board/view/?id=minjudang&no=5018644&exception_mode=recommend&search_head=100&page=4,[인제군수 여론조사] 최상기 51.4% 엄윤순 34.7% 한상철 3.9%,"[2026 지방선거 인제군수 여론조사 개요]■ 조사의뢰 : 강원일보 ■ 조사기관 : 에이스리서치■ 조사일자 : 2026년 4월 20일 ~ 4월 21일(2일간) ■ 대상 : 강원특별자치도 인제군에 거주하는 만 18세 이상 남녀 503명 ■ 조사방법 : 구조화된 설문지를 이용한 ARS 조사(무선 100%) ■ 피조사자 선정 방법 : 통신 3사 제공 무선 가상번호 ■ 응답률 : 18.3%(전체 1만2,321명 통화시도 중 통화성공 4,716명, 응답완료 503명, 응답률 10.7%) ■ 오차 보정 방법 : 2026년 3월 말 행정안전부 발표 주민등록인구통계 기준 셀가중 방식으로 성별·연령대별·지역별 가중치 부여■ 표본오차 : 95% 신뢰수준에 ±4.4%포인트■ 내용 : 정당 지지도 및 차기 인제군수 지지도, 선택기준, 차기 강원특별자치도지사 지지도 등 (중앙선거여론조사심의위원회 홈페이지 참조)https://kwnews.co.kr/page/view/2026042250103000000"
부산시장,제이투인사이트랩,전재수,43.9,박형준,43.7,0.2,https://gall.dcinside.com/mgallery/board/view/?id=minjudang&no=5028872&exception_mode=recommend&search_head=100&page=4,제이투인사이트랩 : 부산시장 전재수 43.9% v 박형준 43.7%,"이번 조사는 제이투인사이트랩 자체조사로 4월 24~25일 이틀간 부산광역시에 거주하는 만 18세 이상 남녀 1000명을 대상으로 실시됐다. 조사 방법은 유무선 ARS 전화조사로, 피조사자 선정은 통신사 제공 휴대전화 가상번호 75%, 유선전화 RDD 25% 방식이 활용됐다. 응답률은 3.0%이며, 표본오차는 95% 신뢰수준에서 ±3.1%p다. 표본은 2026년 3월 말 행정안전부 주민등록 인구통계 기준 성별·연령별·지역별 가중값을 부여했다. 자세한 사항은 중앙선거여론조사심의위원회 홈페이지에서 확인할 수 있다."
평택을,KSOI,조국,23.4,김용남,21.4,2.0,https://gall.dcinside.com/mgallery/board/view/?id=minjudang&no=5028784&exception_mode=recommend&search_head=100&page=4,KSOI : 평택을 조국 23.4% 김용남 21.4% 유의동 21.2%,"https://n.news.naver.com/mnews/article/002/0002439330?sid=100 평택을 여론조사, 조국 오차범위 내 1위…與선 김용 vs 김용남 '팽팽'[여론조사 동향]경기도 평택시을 국회의원 재선거 가상대결에서 조국혁신당 조국 대표가 오차범위 내에서 경쟁 후보들에 비해 가장 높은 지지율을 기록했다는 여론조사 결과가 나왔다. 은 여론조사 전문업체 한국사회여론연구소(KSOI)에 의뢰n.news.naver.com<프레시안>은 여론조사 전문업체 한국사회여론연구소(KSOI)에 의뢰해 4월 25일~26일 평택시을 선거구 거주 만 18세 이상 남녀 703명을 대상으로 여론조사를 실시했다. 현재 후보가 확정되지 않은 더불어민주당 출마자로 거론되고 있는 김용 전 민주연구원 부원장과, 김용남 전 의원을 각각 민주당 후보로 상정하고, 현재 출마가 확실시되는 조국혁신당 조국 대표, 국민의힘 유의동 전 의원, 진보당 김재연 대표, 자유와혁신 황교안 대표 등을 포함한 가상 대결을 실시했다.김용 전 부원장이 민주당 후보로 나설 경우 조국 25.4%, 김용 19.1%, 유의동 18.4%, 황교안 13.3%, 김재연 11.1%, 그외 인물 3.6%, 없음 5.4%, 잘 모름 3.6%로 나타났다.김용남 전 의원이 민주당 후보로 나설 경우 조국 23.4%, 김용남 21.4%, 유의동 21.2%, 황교안 12.0%, 김재연 9.4%, 그외 인물 3.9%, 없음 5.0%, 잘 모름 3.7%로 나타났다.두 경우 모두 조국 대표가 다른 후보들에 비해 오차범위 내에서 1위를 기록했다.(투표기준, 투표의향 묻는 여조 관련 내용이라 중략, 관심있으시면 기사원문에서 확인바람)평택시을 국회의원 재선거에서 '범진보 진영 단일화'가 필요하다고 생각하느냐는 질문에 응답자의 42.5%가 '필요하다'고 봤고, 38.6%는 '필요하지 않다'고 봤다. '잘 모름'은 19.0%였다.이재명 대통령 국정 수행 평가는 긍정 평가가 65.7%, 부정 평가가 28.2%였다.정당 지지도는 민주당 44.0%, 국민의힘 21.0%, 조국혁신당 7.1%, 진보당 6.3%, 개혁신당 3.8%, 그외 정당 3.2%, 없음 12.9%, 잘 모름 1.7%였다.조사개요조사방법 : 구조화된 설문지를 이용한 자동응답(ARS)조사모집단 : 경기도 평택시 을선거구 거주 만 18세 이상 남녀표본수 : 703명피조사자선정방법 : 무선 ARS 자동응답 조사 (무선 100%) - 통신사 제공 휴대전화 가상번호 활용표본오차 : 95% 신뢰수준에서 ± 3.7p응답률 : 6.7%가중값 산출 및 적용 : 성, 연령, 지역별 가중치 부여(셀가중) - 2026년 3월말 행정안전부 주민등록 인구 기준조사기간 : 2026년 4월 25일~4월 26일조사기관 : 한국사회여론연구소(KSOI)자세한 사항은 중앙선거여론조사심의위원회 홈페이지 참조"
,여조꽃,-,0.0,-,0.0,0.0,https://gall.dcinside.com/mgallery/board/view/?id=minjudang&no=5028654&exception_mode=recommend&search_head=100&page=4,여조꽃 : 강원,여론조사개요는 첨부된 마지막 사진 확인바람이상 자세한 사항은 중앙선거여론조사심의위원회 홈페이지 참조
부산 북갑,토마토,하정우,35.5,한동훈,28.5,7.0,https://gall.dcinside.com/mgallery/board/view/?id=minjudang&no=5028532&exception_mode=recommend&search_head=100&page=4,토마토 : 부산 북갑 하정우 35.5% 한동훈 28.5% 박민식 26%,"'적극 투표층'에선 하정우 44.3% 대 한동훈 24.8% 대 박민식 24.6%로, 하 수석이 두 사람과의 지지율 격차를 더욱 벌렸습니다. 적극 투표층에서 한 전 대표와 박 전 장관의 지지율 격차는 단 0.2%로, 더욱 좁혀졌습니다. 야권의 핵심 기반인 보수층에선 박민식 42.2% 대 한동훈 38.4% 대 하정우 14.1%로, 박 전 장관과 한 전 대표로 지지세가 나뉘었습니다. 국민의힘 후보 지지층에선 박민식 60.1% 대 한동훈 32.9% 대 하정우 2.0%로, 박 전 장관이 60% 이상의 지지를 받았습니다.투표에 적극 참여하겠다는 이른바 '적극 투표층'에선 전 의원이 박 시장과의 지지율 격차를 더욱 벌렸습니다. 적극 투표층 전재수 56.0% 대 박형준 38.9%로, 전 의원의 지지세가 50%를 크게 상회했습니다. 정치 성향별로 보면 민심의 풍향계로 읽히는 중도층에선 전재수 52.7% 대 박형준 34.4%로, 절반 이상이 전 의원을 지지했습니다. 진보층은 전재수 79.4% 대 박형준 14.9%로, 전 의원에 대한 지지세가 압도적이었습니다. 보수층의 경우, 박형준 63.4% 대 전재수 28.4%로, 박 시장이 크게 앞섰습니다. 6·3 지방선거 지지 정당별로 보면 민주당 후보 지지층에선 전재수 93.6% 대 박형준 3.7%, 국민의힘 후보 지지층에선 박형준 81.9% 대 전재수 12.7%로, 부산시장 후보에 대한 지지 의견이 크게 엇갈렸습니다.다만 투표에 적극 참여하겠다는 이른바 '적극 투표층'에선 이번 지방선거에서 민주당 후보에게 투표하겠다는 응답이 절반에 달하면서 높게 나타났습니다. 적극 투표층 민주당 후보 49.0% 대 국민의힘 후보 31.8%로, 양당의 지지율 격차는 10%포인트 이상으로 크게 확대됐습니다.한편 이번 조사는 <뉴스토마토> 의뢰로 미디어토마토가 지난 24일부터 25일까지 이틀간 만 18세 이상 부산 북구갑 선거구 거주 성인남녀 802명을 대상으로 실시됐으며, 표본오차는 95% 신뢰수준에 ±3.5%포인트입니다. 휴대전화 가상번호(안심번호)를 활용한 무선 ARS(자동응답) 방식으로 진행됐으며, 응답률은 9.0%로 집계됐습니다. 공정성 확보와 인물별 경쟁력을 점검키 위해 문항에서 직책은 뺀 채 소속 정당과 이름만으로 물었습니다. 2026년 3월 말 행정안전부 주민등록 인구를 기준으로 성별·연령별·지역별 가중값을 산출했고 셀가중을 적용했습니다. 그 밖의 자세한 조사 개요와 결과는 중앙선거여론조사심의위원회 홈페이지를 참조하면 됩니다."
,리얼미터,이재명,62.2,민주,51.3,10.9,https://gall.dcinside.com/mgallery/board/view/?id=minjudang&no=5028530&exception_mode=recommend&search_head=100&page=4,리얼미터 : 이재명 62.2% 민주 51.3% 국힘 30.7%,
강원 춘천시장,에이스리서치,육동한,51.1,정광열,33.1,18.0,https://gall.dcinside.com/mgallery/board/view/?id=minjudang&no=5027412&exception_mode=recommend&search_head=100&page=4,에이스리서치 : 강원 춘천시장 육동한 51.1% v 정광열 33.1%,"강원일보가 여론조사 전문기관 (주)에이스리서치에 의뢰해 지난 24~25일 춘천시에 거주하는 만 18세 이상 남녀 504명을 대상으로 6·3지방선거 춘천시장 후보 지지도를 물은 결과(95% 신뢰수준에 표본오차 ±4.4%포인트) 민주당 육동한 후보가 절반 이상인 51.1%를 얻은 것으로 조사됐다. 국민의힘 정광열 후보 지지율은 33.1%로 집계됐다. 두 후보간 격차는 18%포인트다. ‘없음’(5.3%)과 ‘잘 모르겠다’(6.3%) 등을 선택한 부동층 비율은 11.6%다. 기타 후보는 4.2%다.‘누가 당선될 것으로 보이느냐’는 질문에서는 육동한 후보가 58.6%로 정광열 후보(31.8%)보다 26.8%포인트 높은 수치를 기록했다. 지지율 조사때보다 두 후보간 격차가 8.8%포인트 더 벌어졌다.(중략)정당 지지도 조사에서는 더불어민주당이 47.9%를 얻으며 31.3%를 확보한 국민의힘을 오차범위 밖 격차로 앞섰다. 또 진보당(2.7%), 개혁신당(1.7%), 조국혁신당(1.4%) 등이 뒤를 이었다. ‘지지 정당 없다’와 ‘잘 모르겠다’에 대한 응답률은 각각 11.5%, 0.9%다.[2026 지방선거 춘천시장 여론조사 개요]■ 조사의뢰 : 강원일보■ 조사기관 : ㈜에이스리서치■ 조사일자 : 2026년 4월 24일 ~ 4월 25일(2일간)■ 대상: 강원특별자치도 춘천시에 거주하는 만 18세 이상 남녀 504명■ 조사방법: 구조화된 설문지를 이용한 ARS 조사(무선 100%)■ 피조사자 선정 방법 : 통신 3사 제공 무선 가상번호■ 응답률 : 6.4%(전체 1만4,997명의 통화시도 중 통화성공 7,850명, 응답완료 504명, 응답률 6.4%)■ 오차 보정 방법 : 2026년 3월 말 행정안전부 발표 주민등록인구통계기준 셀가중 방식으로 성별·연령대별·권역별 가중치 부여■ 표본오차 : 95% 신뢰수준에 ±4.4%포인트■ 내용 : 정당 지지도 및 차기 춘천시장 지지도, 선택기준, 차기 강원특별자치도지사 지지도 등 (중앙선거여론조사심의위원회 홈페이지 참조)"
인천시장,한길리서치,박찬대,48.1,유정복,34.7,13.4,https://gall.dcinside.com/mgallery/board/view/?id=minjudang&no=5027467&exception_mode=recommend&search_head=100&page=4,한길리서치 : 인천시장 박찬대 48.1% v 유정복 34.7%,"양강으로 꼽히는 박 후보와 유 시장 간 지지율 격차는 오차 범위 밖인 13.4%p로 나타났다. 박 후보 우세 흐름을 견인한 건 서북권(계양구·서구) 민심이었다. 서북권 조사 결과만 놓고 보면 박 후보 지지율은 52.8%로, 유 시장(31.3%)과 격차가 더욱 벌어졌다. 지난해 대선 당시 민주당 이재명 후보가 이들 지역에서 국민의힘 김문수 후보를 20%p 안팎으로 따돌렸던 결과와 유사한 양상이다.서북권 다음으로 박 후보가 강세를 보인 권역은 ‘동부권’(남동구·부평구)이다. 이번 조사에서 동부권 지지율은 박 후보 44.8%, 유 시장 34.0%, 이 후보 4.7%로 나타났다. 동부권 역시 지난 대선에서 민주당이 남동구 51.9%, 부평구 52.9%로 과반 득표를 기록한 지역이다.전통적으로 보수 표심이 강세를 보이는 강화·옹진이 포함된 ‘남부강화옹진권’(강화군·옹진군·중구·동구·미추홀구·연수구)은 3개 권역별 조사에서 유일하게 양강 후보 지지율 격차가 한 자릿수로 나타났다. 남부강화옹진권 지지율은 박 후보 47.1%, 유 시장 38.1%, 이 후보 1.4%였다. 1년 전 대선 당시 민주당 득표율은 강화군·옹진군·동구·연수구에서 50%에 미치지 못했다.조사개요이번 조사는 인천일보가 여론조사 전문기관 ㈜한길리서치에 의뢰해 지난 23~25일 인천지역에 거주하는 만 18세 이상 남녀 808명을 대상으로 진행했다. 표본은 성별·연령별·지역별 할당 무작위 추출해 무선(가상번호) ARS 100% 방법으로 조사했다. 응답률은 6.5%이며 지난 3월 말 행정안전부 주민등록 인구 기준으로 성별·연령별·지역별 가중값을 부여했다. 표본오차는 95% 신뢰수준에 ±3.4%p다. 자세한 내용은 중앙선거여론조사심의위원회 누리집 참조."
李 68.3%,에스티아이,민주,55.9,국힘,25.4,30.5,https://gall.dcinside.com/mgallery/board/view/?id=minjudang&no=5027394&exception_mode=recommend&search_head=100&page=5,에스티아이 : 李 68.3% 민주 55.9% 국힘 25.4%,"출마 후보를 2명으로 압축한 가상 대결에서도 오차 범위 내 접전을 벌었다. 전체 응답자에선 김 총리가 34.1%, 정 대표는 29.7%였다. 민주당 지지층에서도 김 총리 42.6%, 정청래 40.7%였다. 또 민주당 지지층에 무당층 포함 시, 김 총리 40.5%, 정 대표 37.6%로 나타났다.또 이재명 정부의 실용주의 국정을 뒷받침할 사람이 차기 당 대표와 되어야 한다는 응답은 33.6%였고 개혁과제 실현을 뒷받침할 사람이 당 대표가 되어야 한다는 답변은 33.1%로 나타났다. 민주당 지지층에서 개혁과제 실현이 47.3%, 실용주의 국정 뒷받침이 44.8%였다.차기 대표가 집중해야 할 분야에 대해선 ‘민생 법안 추진’이 41.1%로 가장 많았고 ‘야당 협치’는 25.4%로 뒤를 이었다. 이어 ‘당정청 협력’ 17.5%. ‘차기 총선 준비’ 6.5% 등이었다.이번 조사에서 이재명 대통령의 국정 운영에 대한 긍정적 평가는 68.3%였다. 광주·전남·전북의 경우, 84.1%로 집계됐다. 민주당 지지층의 긍정 평가는 96.1%에 달했다.정당 지지율 조사에선 민주당이 55.9%로 국민의힘(25.4%)을 2배 이상 앞섰다. 조국혁신당 1.8%, 진보당 1.5%, 개혁신당 2.5% 등이었다.조사개요이번 조사는 경기일보 의뢰로 여론조사기관 ㈜에스티아이가 2026년 4월 22일~23일 양일간 전국 만 18세 이상 남녀 1천명명을 대상으로, 무선 ARS 방식(휴대전화 RDD 100%)으로 진행했다. 표본오차는 95% 신뢰수준에 ±3.1%포인트이며 응답률은 2.4%다. 자세한 내용은 중앙선거여론조사심의위원회 홈페이지를 참조하면 된다."
강원도지사,케이스탯,우상호,43.0,김진태,33.0,10.0,https://gall.dcinside.com/mgallery/board/view/?id=minjudang&no=5027165&exception_mode=recommend&search_head=100&page=5,케이스탯 : 강원도지사 우상호 43% v 김진태 33%,"정당지지도는 더불어민주당 45%, 국민의힘 30%였다. 민주당이 국민의힘을 15%p 앞섰다. 이어 조국혁신당 3%, 진보당과 개혁신당 각 1%였다. ‘지지하는 정당 없다’는 16%, ‘모름·무응답’ 2%였다.■ 어떻게 조사했나이번 여론조사는 강원도민일보가 여론조사 기관인 케이스탯리서치에 의뢰해 진행했다. 지난 24~25일 이틀간 강원특별자치도에 거주하는 18세 이상 남녀 812명(총 4445명 중 812명 응답 완료)의 조사가 완료됐다. 응답률은 18.3%다. 표본은 이동통신 3사 제공 무선전화 가상번호를 무작위로 추출했고, 응답방식은 전화조사원 인터뷰(CATI)로 진행됐다. 2026년 3월 행정안전부 주민등록 인구를 기준으로 성별·연령별·지역별 가중치를 부여(셀가중)했다. 표본오차는 95% 신뢰수준에 ±3.4%p다. 자세한 사항은 중앙선거여론조사심의위원회 홈페이지에서 확인할 수 있다.출처 : 강원도민일보(https://www.kado.net)"
경북 포항시,한국리서치,국힘,39.0,민주,24.0,15.0,https://gall.dcinside.com/mgallery/board/view/?id=minjudang&no=5022376&exception_mode=recommend&search_head=100&page=5,한국리서치 : 경북 포항시 국힘 39% 민주 24%,"이번 조사는 KBS 대구방송총국이 한국리서치에 의뢰해 20일부터 22일까지 사흘간 18살 이상 포항 시민 5백 명을 대상으로 휴대전화 가상번호를 활용해 면접원에 의한 전화 면접 방식으로 진행됐습니다.응답률은 22.1%, 표본오차는 95% 신뢰수준에 ±4.4%포인트입니다.자세한 여론조사 내용은 KBS와 중앙선거여론조사심의위원회 홈페이지 등에서 확인할 수 있습니다."
대구 달서구,한국리서치,국힘,33.0,민주,25.0,8.0,https://gall.dcinside.com/mgallery/board/view/?id=minjudang&no=5022379&exception_mode=recommend&search_head=100&page=5,한국리서치 : 대구 달서구 국힘 33% 민주 25%,"이번 조사는 KBS 대구방송총국이 한국리서치에 의뢰해 20일부터 22일까지 사흘간 18살 이상 대구 달서구민 5백 명을 대상으로 휴대전화 가상번호를 활용해 면접원에 의한 전화 면접조사로 진행됐습니다.응답률은 22.1%, 표본오차는 95% 신뢰수준에 ±4.4%포인트입니다.자세한 여론조사 내용은 KBS와 중앙선거여론조사심의위원회 홈페이지 등에서 확인할 수 있습니다."
,한국갤럽,이재명,67.0,민주,48.0,19.0,https://gall.dcinside.com/mgallery/board/view/?id=minjudang&no=5021792&exception_mode=recommend&search_head=100&page=5,한국갤럽 : 이재명 67% 민주 48% 국힘 20%,"조사 개요- 조사기간: 2026년 4월 21~23일- 표본추출: 이동통신 3사 제공 무선전화 가상번호 무작위 추출- 응답방식: 전화조사원 인터뷰(CATI)- 조사대상: 전국 만 18세 이상 1,001명- 표본오차: ±3.1%포인트(95% 신뢰수준) – 주요 지표 표준오차·신뢰구간·상대표준오차 제시- 접촉률: 36.8%(전체 투입 유효 번호 대비 통화 연결)- 응답률: 14.7%(총통화 6,819명 중 1,001명 응답 완료)- 의뢰처: 한국갤럽 자체 조사이상 자세한 사항은 중앙선거여론조사심의위원회 홈페이지 참조"
,여조꽃,-,0.0,-,0.0,0.0,https://gall.dcinside.com/mgallery/board/view/?id=minjudang&no=5021633&exception_mode=recommend&search_head=100&page=5,여조꽃 : 세종,여론조사개요는 첨부된 마지막 사진 확인바람이상 자세한 사항은 중앙선거여론조사심의위원회 홈페이지 참조
,여조꽃,-,0.0,-,0.0,0.0,https://gall.dcinside.com/mgallery/board/view/?id=minjudang&no=5021631&exception_mode=recommend&search_head=100&page=5,여조꽃 : 대전,여론조사개요는 첨부된 마지막 사진 확인바람이상 자세한 사항은 중앙선거여론조사심의위원회 홈페이지 참조
,여조꽃,-,0.0,-,0.0,0.0,https://gall.dcinside.com/mgallery/board/view/?id=minjudang&no=5021628&exception_mode=recommend&search_head=100&page=5,여조꽃 : 충북,여론조사개요는 첨부된 마지막 사진 확인바람이상 자세한 사항은 중앙선거여론조사심의위원회 홈페이지 참조
,여조꽃,-,0.0,-,0.0,0.0,https://gall.dcinside.com/mgallery/board/view/?id=minjudang&no=5021625&exception_mode=recommend&search_head=100&page=5,여조꽃 : 충남,여론조사개요는 첨부된 마지막 사진 확인바람이상 자세한 사항은 중앙선거여론조사심의위원회 홈페이지 참조
,여조꽃,-,0.0,-,0.0,0.0,https://gall.dcinside.com/mgallery/board/view/?id=minjudang&no=5021624&exception_mode=recommend&search_head=100&page=5,여조꽃 : 대구,여론조사개요는 첨부된 마지막 사진 확인바람이상 자세한 사항은 중앙선거여론조사심의위원회 홈페이지 참조
서울시장,조원C&I,정원오,49.7,오세훈,35.9,13.8,https://gall.dcinside.com/mgallery/board/view/?id=minjudang&no=5021579&exception_mode=recommend&search_head=100&page=5,조원C&I : 서울시장 정원오 49.7% v 오세훈 35.9%,"이번 조사는 스트레이트뉴스 의뢰로 조원씨앤아이가 2026년 4월 20일~21일 2일간 서울특별시 거주 18세 이상 남녀 대상으로 ARS 여론조사(휴대전화 가상번호 100%, 성, 연령대, 지역별 비례할당 무작위 추출)를 실시한 결과다. 표본수는 802명(총 통화시도 12732명, 응답률 6.3%), 표본오차는 95% 신뢰수준에 ±3.5%p다. 그 밖의 사항은 중앙선거여론조사심의위원회 홈페이지를 참조하면 된다."
서울시장,KSOI,정원오,45.6,오세훈,35.4,10.2,https://gall.dcinside.com/mgallery/board/view/?id=minjudang&no=5021578&exception_mode=recommend&search_head=100&page=5,KSOI : 서울시장 정원오 45.6% v 오세훈 35.4%,"지방선거에서 어느 진영을 뽑겠느냐는 질문에도 여권 후보를 뽑겠다는 응답이 46.6%, 야권 후보를 선택하겠다는 답이 37.2%였다.구청장 선호도에서도 민주당이 앞섰다. 응답자 43.2% 구청장 선거에서 민주당을 뽑겠다고 했고, 국민의힘을 뽑겠다는 답은 31.7%였다.다만 교육감 관련 질문에선 보수성향 후보를 뽑겠다는 응답이 38.5%로 진보성향 후보(38.1%)를 선택하겠다는 답을 근소하게 앞섰다.한편 정당 지지도는 민주당이 44.2%, 국민의힘이 31.5%였다. 개혁신당 지지 응답은 3.7%, 조국혁신당 지지 응답은 3.3%였다.▶ 이번 여론조사는…의뢰기관 : CBS조사기관 : 한국사회여론연구소(KSOI)기간 : 2026년 4월 22~4월 23일대상 : 서울 거주 만 18세 이상 남녀 1001명조사방법 : 통신사 제공 휴대전화 가상번호 이용 무선 ARS 자동응답조사(무선 100%)표본오차: ±3.1%포인트(95% 신뢰수준)응답률: 5.1%※자세한 사항은 중앙선거여론조사심의위원회 홈페이지 참조"
경남도지사,KSOI,김경수,46.9,박완수,35.7,11.2,https://gall.dcinside.com/mgallery/board/view/?id=minjudang&no=5020618&exception_mode=recommend&search_head=100&page=5,KSOI : 경남도지사 김경수 46.9% v 박완수 35.7%,여론조사개요는 첨부된 마지막 사진 확인바람이상 자세한 사항은 중앙선거여론조사심의위원회 홈페이지 참조
대구시장,한국리서치,김부겸,43.0,추경호,26.0,17.0,https://gall.dcinside.com/mgallery/board/view/?id=minjudang&no=5020375&exception_mode=recommend&search_head=100&page=5,한국리서치 : 대구시장 김부겸 43% v 추경호 26%,여론조사개요는 첨부된 마지막 사진 확인바람이상 자세한 사항은 중앙선거여론조사심의위원회 홈페이지 참조
,NBS,이재명,69.0,민주,48.0,21.0,https://gall.dcinside.com/mgallery/board/view/?id=minjudang&no=5019157&exception_mode=recommend&search_head=100&page=5,NBS : 이재명 69% 민주 48% 국힘 15%,"조사개요조사지역: 전국조사기간: 2026년 4월 20일 ~ 4월 22일(3일간)조사대상(모집단): 만 18세 이상 남녀조사방법: 국내 통신 3사가 제공하는 휴대전화 가상번호(100%)를 이용한 전화면접조사표본추출: 성·연령·지역별 층화확률추출표본크기: 1,005명 (가중값 적용 후 1,005명)피조사자 선정방법: 성·연령·지역으로 층화된 가상번호 내 무작위 추출응답률: 17.7% (총 5,670명과 통화하여 그 중 1,005명 응답 완료)접촉률: 31.4%가중치 산출 및 적용: 성･연령･지역별 가중치 부여(셀가중)2026년 3월말 행정안전부 주민등록인구 통계 기준표본오차: 95% 신뢰수준에서 ± 3.1% point조사기관: 엠브레인퍼블릭ㆍ케이스탯리서치ㆍ코리아리서치ㆍ한국리서치이상 자세한 사항은 중앙선거여론조사심의위원회 홈페이지 참조"
,토마토,이재명,61.4,민주,49.2,12.2,https://gall.dcinside.com/mgallery/board/view/?id=minjudang&no=5018809&exception_mode=recommend&search_head=100&page=5,토마토 : 이재명 61.4% 민주 49.2% 국힘 30.2%,"이번 조사는 <뉴스토마토> 의뢰로 미디어토마토가 지난 20일부터 21일까지 이틀간 만 18세 이상 전국 성인남녀 1036명을 대상으로 실시됐으며, 표본오차는 95% 신뢰수준에 ±3.0%포인트입니다. ARS(RDD) 무선전화 방식으로 진행됐으며, 응답률은 2.9%입니다.이번 조사는 2026년 3월 말 행정안전부 주민등록 인구를 기준으로 성별·연령별·지역별 가중값을 산출했고 셀가중을 적용했습니다. 그 밖의 자세한 조사 개요와 결과는 중앙선거여론조사심의위원회 홈페이지를 참조하면 됩니다."
창원시장,미상,송순호,26.0,강기윤,16.0,10.0,https://gall.dcinside.com/mgallery/board/view/?id=minjudang&no=5014232&exception_mode=recommend&search_head=100&page=5,창원시장 송순호 26% 강기윤 16%,https://news.kbs.co.kr/news/mobile/view/view.do?ncd=8541509&ref=A 전체 질문지와 내용은 중앙여론조사심의위원회와 KBS창원 홈페이지에서 확인할 수 있습니다. 500명 표본이긴 함 - dc official App
세종시장,조원C&I,조상호,44.9,최민호,19.7,25.2,https://gall.dcinside.com/mgallery/board/view/?id=minjudang&no=5018033&exception_mode=recommend&search_head=100&page=5,조원C&I : 세종시장 조상호 44.9% v 최민호 19.7%,여론조사개요는 첨부된 마지막 사진 확인바람이상 자세한 사항은 중앙선거여론조사심의위원회 홈페이지 참조
경남 김해시,한국리서치,민주,43.0,국힘,19.0,24.0,https://gall.dcinside.com/mgallery/board/view/?id=minjudang&no=5016833&exception_mode=recommend&search_head=100&page=5,한국리서치 : 경남 김해시 민주 43% 국힘 19%,적극투표층 : 정영두 28% 홍태용 25%여론조사개요는 첨부된 마지막 사진 확인바람이상 자세한 사항은 중앙선거여론조사심의위원회 홈페이지 참조
,미상,-,0.0,-,0.0,0.0,https://gall.dcinside.com/mgallery/board/view/?id=minjudang&no=5016814&exception_mode=recommend&search_head=100&page=5,오늘나온 부산 북갑 여조 질문지 웃기네.jpg,"""한동훈 전 국민의힘 대표""""박민식 전 국가보훈부 장관""이건 누가봐도 한동훈에게 유리한 질문지인데 의도가 뭘까?"
부산 북갑,KOPRA,하정우,31.0,한동훈,26.0,5.0,https://gall.dcinside.com/mgallery/board/view/?id=minjudang&no=5016411&exception_mode=recommend&search_head=100&page=5,KOPRA : 부산 북갑 하정우 31% 한동훈 26% 박민식 21%,"보수 진영 후보 중 선호도를 묻는 질문에서는 무소속 한동훈 후보가 30%, 국민의힘 박민식 후보가 29%로 오차범위 내 접전을 보였고, 국민의힘 이영풍 후보는 8%였다. ‘기타 인물’은 10%, ‘없다·잘 모름’은 24%였다.정당 후보 투표 가능성을 묻는 질문에서는 더불어민주당 후보가 40%로 가장 높았고, 국민의힘 후보 32%, 제3지대 · 무소속 후보 16%, 아직 결정하지 못했다는 응답은 12%였다.정당 지지도는 더불어민주당 42%, 국민의힘 33%, 조국혁신당 3%, 진보당 1%, 개혁신당 3%, 기타 정당 4%였으며, 지지 정당이 없거나 잘 모른다는 응답은 12%로 조사됐다.이번 조사는 인싸잇경기가 한국여론평판연구소(KOPRA)에 의뢰해 2026년 4월 19일부터 20일까지 이틀간 부산 북구갑에 거주하는 만 18세 이상 남녀 505명을 대상으로 무선 가상번호와 유선 RDD를 이용한 자동응답전화(ARS) 방식으로 실시됐다. 응답률은 4.2%(1만2천157명 중 505명)이며, 2026년 3월 말 행정안전부 주민등록 인구 기준으로 성별·연령대·지역별 가중치를 부여했다. 표본오차는 95% 신뢰수준에서 ±4.4%포인트다. 자세한 내용은 중앙선거여론조사심의위원회 홈페이지를 참조하면 된다."
,KSOI,이재명,62.4,민주,46.7,15.7,https://gall.dcinside.com/mgallery/board/view/?id=minjudang&no=5016390&exception_mode=recommend&search_head=100&page=5,KSOI : 이재명 62.4% 민주 46.7% 국힘 25.9%,여론조사개요는 첨부된 사진에서 확인바람이상 자세한 사항은 중앙선거여론조사심의위원회 홈페이지 참조
,한길리서치,이재명,59.9,민주,41.6,18.3,https://gall.dcinside.com/mgallery/board/view/?id=minjudang&no=5016318&exception_mode=recommend&search_head=100&page=5,한길리서치 : 이재명 59.9% 민주 41.6% 국힘 24.9%,"쿠키뉴스 의뢰로 여론조사 전문기관 한길리서치가 지난 18일부터 20일까지 유선 전화면접(4.7%)과 무선 ARS(95.3%, 유·무선 RDD 방식, 성·연령·지역별 할당 무작위 추출)를 병행해 진행됐다. 응답률은 2.7%, 표본오차는 95% 신뢰수준에 오차범위 ±3.1%p다. 자세한 조사개요와 결과는 중앙선거여론조사심의위원회 홈페이지를 참조하면 된다."
,조원C&I,이재명,63.1,민주,49.6,13.5,https://gall.dcinside.com/mgallery/board/view/?id=minjudang&no=5016305&exception_mode=recommend&search_head=100&page=5,조원C&I : 이재명 63.1% 민주 49.6% 국힘 33.3%,"이번 조사는 스트레이트뉴스 의뢰로 조원씨앤아이가 2026년 4월 18~20일 3일간 전국 만 18세 이상 남녀 대상으로 ARS 여론조사(휴대전화 100% RDD 방식, 성, 연령대, 지역별 비례할당 무작위 추출)를 실시한 결과다. 표본수는 2001명(총 통화시도 46458명, 응답률 4.3%), 표본오차는 95% 신뢰수준에 ±2.2%p다. 그 밖의 사항은 중앙선거여론조사심의위원회 홈페이지를 참조하면 된다."
충남지사,조원C&I,박수현,42.2,김태흠,29.5,12.7,https://gall.dcinside.com/mgallery/board/view/?id=minjudang&no=5015336&exception_mode=recommend&search_head=100&page=5,조원C&I : 충남지사 박수현 42.2% v 김태흠 29.5%,여론조사개요는 첨부된 마지막 사진 확인바람이상 자세한 사항은 중앙선거여론조사심의위원회 홈페이지 참조
,미상,-,0.0,-,0.0,0.0,https://gall.dcinside.com/mgallery/board/view/?id=minjudang&no=5014938&exception_mode=recommend&search_head=100&page=5,부산인데도 이스라엘 태도가 잘못됐다는 응답이 더 많네,그것도 굥정에서
,미상,전재수,44.5,박형준,36.9,7.6,https://gall.dcinside.com/mgallery/board/view/?id=minjudang&no=5014838&exception_mode=recommend&search_head=100&page=5,[공정] 전재수 44.5% vs 박형준 36.9%,
,메타보이스,-,0.0,-,0.0,0.0,https://gall.dcinside.com/mgallery/board/view/?id=minjudang&no=5014756&exception_mode=recommend&search_head=100&page=5,메타보이스 : 경기 남양주시장,"[조사 개요] 조사의뢰: 리얼에셋타임즈 조사일시: 2026년 4월 10~11일(2일간) 조사기관: 메타보이스 조사지역 및 대상: 경기도 남양주시 거주 만 18세 이상 남녀 조사내용: 더불어민주당 남양주시장 후보 적합도, 남양주시장 가상대결 등 조사방법: 가상번호 활용 무선100% ARS조사 표본오차: ±4.4%p (95% 신뢰수준) 응답률: 4.6% 표본의 크기: 503명 피조사자 선정방법: 2026년 3월 말 주민등록인구통계에 따라 성별, 연령대별, 권역별 비례할당 후 무작위추출 가중치 산출 및 적용 방법: 2026년 3월 말 행정안전부 주민등록 인구 기준 성별, 연령대별, 권역별 가중치 부여(셀가중) 이번 여론조사와 관련한 자세한 사항은 리얼에셋타임즈 홈페이지(https://www.realvalue.co.kr/)나 중앙선거여론조사심의위원회 홈페이지(https://www.nesdc.go.kr)를 참조해주십시오. - dc official App"
강원 화천군,에이스리서치,민주,57.0,국힘,31.9,25.1,https://gall.dcinside.com/mgallery/board/view/?id=minjudang&no=5013327&exception_mode=recommend&search_head=100&page=5,에이스리서치 : 강원 화천군 민주 57.0% 국힘 31.9%,자세한 사항은 중앙선관위 여론조사심의위원회 홈페이지 참조레전드인데?
대전시장,조원C&I,허태정,46.3,이장우,22.9,23.4,https://gall.dcinside.com/mgallery/board/view/?id=minjudang&no=5012785&exception_mode=recommend&search_head=100&page=5,조원C&I : 대전시장 허태정 46.3% v 이장우 22.9%,여론조사개요는 첨부된 마지막 사진 확인바람이상 자세한 사항은 중앙선거여론조사심의위원회 홈페이지 참조
부산시장,한국리서치,전재수,40.0,박형준,34.0,6.0,https://gall.dcinside.com/mgallery/board/view/?id=minjudang&no=5012418&exception_mode=recommend&search_head=100&page=5,한국리서치 : 부산시장 전재수 40% 박형준 34%,"적극투표층 : 전재수 48% 박형준 38%[조사 개요]조사의뢰 : KBS부산총국조사기관 : (주)한국리서치조사지역 : 부산광역시조사일시 : 4월 17일(금)~19일(일)조사대상 : 부산광역시 거주 만 18세 이상 남녀표본크기 : 1,000명피조사자선정방법 : 3개 통신사 제공 휴대전화 가상번호 100% 무작위 추출조사방법 : 면접원에 의한 전화면접조사응답률 : 20.5%가중치 부여방식 : 지역별, 성별, 연령별 가중치 부여 (2026년 3월 말 행정안전부 주민등록 인구 기준)표본오차 : 95% 신뢰수준에 ±3.1%p자세한 내용은 중앙선거여론조사심의위원회 홈페이지(http://www.nesdc.go.kr/portal/main.do)에서 확인할 수 있습니다."
경남지사,한국리서치,김경수,37.0,박완수,27.0,10.0,https://gall.dcinside.com/mgallery/board/view/?id=minjudang&no=5012277&exception_mode=recommend&search_head=100&page=5,"한국리서치: 경남지사, 김경수 37%  박완수 27%","https://n.news.naver.com/article/003/0013898689?sid=102 KBS창원 경남도지사 여론조사…김경수 37%·박완수 27%KBS창원방송총국의 경남도지사 후보 지지도 조사에서 더불어민주당 김경수 후보 37%, 국민의힘 박완수 후보 27%, 진보당 전희영 후보 1%로 나왔다. 이번 조사 결과는 KBS창원방송총국 의뢰를 받은 한국리서치에서 n.news.naver.com○경남지사김경수 37% 박완수 27% 모름 27% 없음 8%○행정통합 찬성 61% 반대 29%○지방선거 투표의향 반드시 한다 76% 투표한다 93%○이재명 정부 국정운영긍정 62% ○경남 정당지지도민주 34% 국힘 30%"
울산시장 민주,미상,김상욱,42.4,김두겸,38.4,4.0,https://gall.dcinside.com/mgallery/board/view/?id=minjudang&no=5011494&exception_mode=recommend&search_head=100&page=5,울산시장 민주 김상욱 42.4% 국힘 김두겸 38.4%,"이번 조사는 95% 신뢰수준에서 최대 허용 표본오차 ±3.1%포인트, 응답률은 7.7%다. 구조화된 질문지를 사용한 전화자동응답(ARS) 조사로, 3개 통신사에서 제공한 휴대전화 가상번호(80.3%)와 가구전화 RDD(19.7%)를 혼용했다. 표본은 비례할당에 의한 무작위 추출법을 활용했고, 2026년 3월 말 기준 행정안전부 주민등록 인구통계 기준 성별·연령별·권역별 가중치를 부여(셀가중)했다. - dc official App"
대구시장,에이스리서치,김부겸,49.2,추경호,35.1,14.1,https://gall.dcinside.com/mgallery/board/view/?id=minjudang&no=5011476&exception_mode=recommend&search_head=100&page=5,에이스리서치 : 대구시장 김부겸 49.2% v 추경호 35.1%,"이번 조사는 대구MBC의 의뢰로 에이스리서치가 4월 18일~19일 2일간 대구광역시에 거주하는 만 18세 이상 성인 남녀를 대상으로 ARS 조사/100%(무선/가상 번호)를 통해 실시됐습니다. 표본오차는 95% 신뢰수준에 ±3.1% 포인트이고, 응답률은 5.3%입니다. 자세한 내용은 중앙선거여론조사심의위원회 홈페이지를 참조하면 됩니다. - dc official App"
,리얼미터,이재명,65.5,민주,50.5,15.0,https://gall.dcinside.com/mgallery/board/view/?id=minjudang&no=5011079&exception_mode=recommend&search_head=100&page=5,리얼미터 : 이재명 65.5% 민주 50.5% 국힘 31.4%,
,여조꽃,-,0.0,-,0.0,0.0,https://gall.dcinside.com/mgallery/board/view/?id=minjudang&no=5011173&exception_mode=recommend&search_head=100&page=5,여조꽃 : 경북,여론조사개요는 첨부된 마지막 사진 확인바람이상 자세한 사항은 중앙선거여론조사심의위원회 홈페이지 참조
,미상,-,0.0,-,0.0,0.0,https://gall.dcinside.com/mgallery/board/view/?id=minjudang&no=5011169&exception_mode=recommend&search_head=100&page=5,여조꽃 정례조사,여론조사개요는 첨부된 마지막 사진 확인바람이상 자세한 사항은 중앙선거여론조사심의위원회 홈페이지 참조
경기,토마토,부천시,57.5,국힘,20.7,36.8,https://gall.dcinside.com/mgallery/board/view/?id=minjudang&no=5011080&exception_mode=recommend&search_head=100&page=5,토마토 : 경기 부천시 57.5% 국힘 20.7%,"정치 성향별로 보면 중도층에선 조용익 30.4% 대 서진웅 21.3%였습니다. 여권의 핵심 기반인 진보층에선 서진웅 38.3% 대 조용익 35.4%로 집계됐습니다. 지지 정당별로 보면 민주당 지지층에선 서진웅 37.9% 대 조용익 37.1%였습니다.조사개요이번 조사는 뉴스토마토 의뢰로 미디어토마토가 4월11일부터 12일까지 이틀간 만 18세 이상 경기 부천시 거주 성인남녀 501명을 대상으로 실시됐으며, 표본오차는 95% 신뢰수준에 ±4.4%포인트입니다. 휴대전화 가상번호(안심번호)를 활용한 무선 ARS(자동응답) 방식으로 진행됐으며, 응답률은 6.2%로 집계됐습니다. 2026년 3월 말 행정안전부 주민등록 인구를 기준으로 성별·연령별·지역별 가중값을 산출했고 셀가중을 적용했습니다. 그 밖의 자세한 조사 개요와 결과는 중앙선거여론조사심의위원회 홈페이지를 참조하면 됩니다.p.s 실제 민주당 부천시장 후보로는 조용익 현 시장이 선출됨."
경기 안산갑,데일리리서치,민주,60.1,국힘,24.0,36.1,https://gall.dcinside.com/mgallery/board/view/?id=minjudang&no=5009804&exception_mode=recommend&search_head=100&page=5,데일리리서치 : 경기 안산갑 민주 60.1% 국힘 24%,"민주당 지지층에서는 전해철 전 장관 35.3%을 얻었으며 김남국 전 의원이 28.9%를 획득하며 오차범위 내 접전을 벌였다. 김용 전 부원장은 13.8%을 나타났다.19일 중부일보 의뢰로 여론조사기관 ㈜데일리리서치가 안산시 갑선거구 거주 만 18세 이상 남녀 500명을 대상으로 지난 14일부터 15일까지 이틀간 실시한 여론조사 결과(95% 신뢰수준에 오차범위 ±4.4%p)에 따르면 선호 정당을 묻는 질문에 응답자 60.1%가 민주당이라고 답했다.국민의힘은 24.0%로, 두 정당 간 격차는 36.1%p였다.개혁신당 1.9%, 조국혁신당 1.8%, 진보당은 1.1%였다.기타정당은 3.0%였고, 없다(6.7%)와 잘 모르겠다(1.5%) 등 부동층은 8.2%였다.조사개요중부일보가 여론조사기관 ㈜데일리리서치에 의뢰해 실시한 이번 여론조사는 4월 14일부터 15일까지 이틀간 안산시 갑선거구에 거주하는 만 18세 이상 남녀 500명을 대상으로 구조화된 설문지를 이용해 통신사가 제공한 무선 가상번호 ARS 여론조사 방식(무작위추출)으로 진행됐다. 무선 비율은 100%다. 표본오차는 95% 신뢰수준에 ±4.4%p, 응답률은 6.4%다. 통계보정은 2026년 3월 말 행정안전부 주민등록 인구통계 기준 성별·연령별·지역별 가중값(셀가중)을 부여했다. 자세한 내용은 중앙선거여론조사심의위원회 홈페이지를 참고하면 된다."
서울 송파구 李 58.2%,토마토,민주,45.1,국힘,30.5,14.6,https://gall.dcinside.com/mgallery/board/view/?id=minjudang&no=5005402&exception_mode=recommend&search_head=100&page=5,토마토 : 서울 송파구 李 58.2% 민주 45.1% 국힘 30.5%,"지지 정당별로 보면 민주당 지지층 조재희 33.1% 대 박성수 19.6% 대 박용모 14.4% 대 임동국 5.0% 대 안성용 3.1%로, 조 전 비서관이 지지세가 높게 나타났습니다.조사개요이번 조사는 뉴스토마토 의뢰로 미디어토마토가 4월11일부터 12일까지 이틀간 만 18세 이상 서울 송파구 거주 성인남녀 804명을 대상으로 실시됐으며, 표본오차는 95% 신뢰수준에 ±3.5%포인트입니다. 휴대전화 가상번호(안심번호)를 활용한 무선 ARS(자동응답) 방식으로 진행됐으며, 응답률은 5.2%로 집계됐습니다. 2026년 3월 말 행정안전부 주민등록 인구를 기준으로 성별·연령별·지역별 가중값을 산출했고 셀가중을 적용했습니다. 그 밖의 자세한 조사 개요와 결과는 중앙선거여론조사심의위원회 홈페이지를 참조하면 됩니다."
서울 성동구,윈지코리아,민주,52.5,국힘,28.5,24.0,https://gall.dcinside.com/mgallery/board/view/?id=minjudang&no=5007560&exception_mode=recommend&search_head=100&page=5,윈지코리아 : 서울 성동구 민주 52.5% 국힘 28.5%,자세한 사항은 중앙선관위 여론조사심의위원회 홈페이지 참조----------------------------3월 20일 - 21일 조사. 현재 민주당 유보화 - 이인화 경선 결선 진행했음보면 알겠지만 이재명 45.19% - 김문수 43.14% - 이준석 10.37% 득표를 기록한 성동구에서 이번 여론조사 속 500명들의 투표 기록을 보면표준화 이후 이재명 55.6% - 김문수 22.2% - 이준석 7.4% - 기타 다른 후보 4% - 안함/잘모름 10.8%라는 것을 볼 수 있음이는 딱히 이상한 것이 아니며 국힘 연성 지지층의 여론조사 내지 투표 열의가 상당히 떨어져 있음을 방증하는 것으로 보임.
충남천안,코리아정보리서치,민주,64.4,국힘,23.6,40.8,https://gall.dcinside.com/mgallery/board/view/?id=minjudang&no=5005418&exception_mode=recommend&search_head=100&page=5,"코리아정보리서치: 충남천안, 민주 64.4% 국힘 23.6%","https://m.newspago.com/118651 [뉴스파고] 민주당 천안시장 후보 적합도 ‘초접전’… 1~4위 모두 오차범위 내 혼전[뉴스파고=한광수 기자] 제9회 전국동시지방선거를 앞두고 실시된 천안시장 여론조사에서 더불어민주당 후보들의 본선 경쟁력이 오차범위 내에서 팽팽하게 맞붙고 있는 것으로 나타났다. 정당 지지율에서는 민주당이 강세를 보이고 있어, 향후 진행될 민주당 내 경선 결과가 사실상 선거의 최대 승부처가 될 전망이다. 뉴스파고 의뢰로 코리아정보리서치가 지난 14일부터 이틀m.newspago.com○천안시장 민주당 후보적합도이규희 21.6% 장기수 21% 한태선 18.2%○천안시장으로 어느정당 투표하겠는가민주 62.2% 국힘 27.1%"
부산 남구,에스티이노베이션,민주,42.2,국힘,37.2,5.0,https://gall.dcinside.com/mgallery/board/view/?id=minjudang&no=5004436&exception_mode=recommend&search_head=100&page=5,에스티이노베이션 : 부산 남구 민주 42.2% 국힘 37.2%,"부산 남구청장 선거에서 국민의힘 후보로 누가 선정되면 적합한지를 물었더니 오은택 남구청장이 32.2%로 1위를 차지했다. 18.0%로 2위를 한 김광명 전 시의원을 큰 격차로 앞선 것이다.일찌감치 단수 공천을 받아 선거를 뛰고 있는 더불어민주당 박재범 전 구청장은 오 구청장과 김 전 시의원 간의 가상대결에서 모두 앞서는 것으로 나타났다.이 같은 사실은 본보(오륙도신문) 의뢰로 여론조사전문업체 (주)에스티이노베이션이 지난 14일과 15일 이틀간 부산 남구에 거주하는 만 18세 이상 남녀 500명을 대상을 실시한 여론 조사 결과 밝혀졌다.이번 여론조사에서 국민의힘 후보 적합도를 묻는 질문에 오은택 남구청장이 32.2%를 기록, 18.0%를 얻은 김광명 전 시의원을 크게 앞섰다.'없음' 25.5%, '잘 모름' 16.3%, 그 외 인물 8.0% 등 절반 가까운 응답자들이 마땅한 후보를 정하지 못한 것으로 집계됐다. 당협 위원장인 박수영 의원과 오은택 구청장 간의 불화설이 어느 정도 영향을 미쳤을 것이라는 해석이 나온다.부산 남구청장 선거는 더불어민주당 박재범 전 구청장은 일찌감치 단수 공천을 받아 선거에 나서고 있지만 국민의힘은 오은택 구청장과 김광명 전 시의원이 경선이 예상된다.가상 양자 대결에서 더불어민주당 박재범 전 구청장이 오은택 구청장과 김광명 전 시의원을 모두 앞서는 결과가 나왔다.박재범 전 구청장과 오은택 구청장 간 대결은 박재범 45.7%, 오은택 37.1%로 나타났다. 두 후보 간 격차는 8.6포인트로 오차범위 내다. ‘그 외 인물’은 5.3%, '투표할 인물 없다'는 응답은 5.7%, '잘 모르겠다'는 6.3%였다.재범 전 구청장과 김광명 전 시의원 간 대결에서는 박재범 45.9%, 김광명 30.7%로 집계됐다. 이밖에 ‘그 외 인물’ 5.2%, '없다' 9.7%, '잘 모르겠다' 8.5%로 나타났다.부산시장선거 가상대결에서는 더불어민주당 전재수 의원이 국민의힘 박형준 시장과 주진우 의원을 모두 앞선 것으로 조사됐다. 전 의원과 박 시장의 가상대결에서는 전 의원이 45.4%를 기록해 40.3%를 얻은 박형준 시장을 5.1%포인트 앞섰다. ‘그 외 인물’은 4.8%, ‘없다’는 4.4%, ‘잘 모르겠다’ 5.0%.전 의원과 주 의원의 가상대결에서도 전 의원이 45.3%, 주 의원이 32.7%를 각각 차지했다.‘그 외 인물’은 7.5%, ‘없다’는 7.4%, ‘잘 모르겠다’ 7.1%.정당 호감도는 더불어민주당이 42.2%, 국민의힘 37.2%로 조사돼 더불어민주당이 오차범위 내에서 앞섰다. 이어 조국혁신당 2.6%, 진보당 1.9%, 개혁신당 2.3%, 기타 정당 1.9% 순이었다. ‘지지 정당이 없다’는 응답은 9.8%, '잘 모르겠음'은 2.1%로 나타났다.이번 조사는 ARS 전화조사 방식으로 진행됐다. 무선 가상번호 100%. 표본오차는 95% 신뢰수준에서 ±4.4%포인트, 응답률은 12.8%다. 자세한 내용은 중앙선거여론조사심의위원회 홈페이지에서 확인할 수 있다."
,한국갤럽,이재명,66.0,민주,48.0,18.0,https://gall.dcinside.com/mgallery/board/view/?id=minjudang&no=5004322&exception_mode=recommend&search_head=100&page=5,한국갤럽 : 이재명 66% 민주 48% 국힘 19%,"조사 개요- 조사기간: 2026년 4월 14~16일- 표본추출: 이동통신 3사 제공 무선전화 가상번호 무작위 추출- 응답방식: 전화조사원 인터뷰(CATI)- 조사대상: 전국 만 18세 이상 1,000명- 표본오차: ±3.1%포인트(95% 신뢰수준) – 주요 지표 표준오차·신뢰구간·상대표준오차 제시- 접촉률: 38.6%(전체 투입 유효 번호 대비 통화 연결)- 응답률: 13.8%(총통화 7,246명 중 1,000명 응답 완료)- 의뢰처: 한국갤럽 자체 조사이상 자세한 사항은 중앙선거여론조사심의위원회 홈페이지 참조"
,여조꽃,-,0.0,-,0.0,0.0,https://gall.dcinside.com/mgallery/board/view/?id=minjudang&no=5004132&exception_mode=recommend&search_head=100&page=5,여조꽃 : 경남,여론조사개요는 첨부된 마지막 사진 확인바람이상 자세한 사항은 중앙선거여론조사심의위원회 홈페이지 참조
,여조꽃,-,0.0,-,0.0,0.0,https://gall.dcinside.com/mgallery/board/view/?id=minjudang&no=5004127&exception_mode=recommend&search_head=100&page=5,여조꽃 : 울산,여론조사개요는 첨부된 마지막 사진 확인바람이상 자세한 사항은 중앙선거여론조사심의위원회 홈페이지 참조
,여조꽃,-,0.0,-,0.0,0.0,https://gall.dcinside.com/mgallery/board/view/?id=minjudang&no=5004123&exception_mode=recommend&search_head=100&page=5,여조꽃 : 부산,여론조사개요는 첨부된 마지막 사진 확인바람이상 자세한 사항은 중앙선거여론조사심의위원회 홈페이지 참조
,여조꽃,-,0.0,-,0.0,0.0,https://gall.dcinside.com/mgallery/board/view/?id=minjudang&no=5004121&exception_mode=recommend&search_head=100&page=5,여조꽃 : 서울,여론조사개요는 첨부된 마지막 사진 확인바람이상 자세한 사항은 중앙선거여론조사심의위원회 홈페이지 참조
민주당 지지층 보완수사권,미상,찬성,44.0,반대,39.0,5.0,https://gall.dcinside.com/mgallery/board/view/?id=minjudang&no=5003441&exception_mode=recommend&search_head=100&page=5,민주당 지지층 보완수사권 찬성 44 반대 39,https://n.news.naver.com/article/022/0004121431?sid=162
부산,한국사회여론연구소,전재수,48.0,박형준,35.2,12.8,https://gall.dcinside.com/mgallery/board/view/?id=minjudang&no=5003037&exception_mode=recommend&search_head=100&page=5,"한국사회여론연구소: 부산,  전재수 48% 박형준 35.2%","○정당 지지층별 지지율민주당 지지층 - 전재수 92.7%국힘 지지층- 박형준 81.2%조혁 지지층- 전재수 63%개신 지지층 - 전재수 36% 박형준 40.6%○부동층jtbc - 18% 부산 mbc, ksoi- 10.7%※여조개요는 사진에 있음"
민주당 지지층 정청래 대표,미상,긍정,73.0,-,0.0,73.0,https://gall.dcinside.com/mgallery/board/view/?id=minjudang&no=5002180&exception_mode=recommend&search_head=100&page=6,민주당 지지층 정청래 대표 긍정 73%,jtbc 의뢰 여조임 https://www.nesdc.go.kr/portal/bbs/B0000005/view.do?nttId=18253&menuNo=200467&searchTime=::%20%EB%82%A0%EC%A7%9C%EA%B5%AC%EB%B6%84%20::&sdate=&edate=&pdate=&pollGubuncd=&searchCnd=2&searchWrd=jtbc&pageIndex=1 중앙선거여론조사심의위원회중앙선거여론조사심의위원회www.nesdc.go.kr
강원 속초시,에이스리서치,민주,57.2,국힘,25.4,31.8,https://gall.dcinside.com/mgallery/board/view/?id=minjudang&no=5000882&exception_mode=recommend&search_head=100&page=6,에이스리서치 : 강원 속초시 민주 57.2% 국힘 25.4%,"[2026 지방선거 속초시장 여론조사 개요]■ 조사의뢰 : 강원일보■ 조사기관 : 에이스리서치■ 조사일자 : 2026년 4월 13일 ~ 4월 14일(2일간) ■ 대상: 강원특별자치도 속초시에 거주하는 만 18세 이상 남녀 502명 ■ 조사방법 : 구조화된 설문지를 이용한 ARS 조사(무선 100%) ■ 피조사자 선정 방법 : 통신 3사 제공 무선 가상번호 ■ 응답률 : 8.5%(전체 1만4,746명의 통화시도 중 통화성공 5,878명, 응답완료 502명) ■ 오차 보정 방법 : 2026년 3월 말 행정안전부 발표 주민등록인구통계 기준 셀가중 방식으로 성별·연령대별·지역별 가중치 부여■ 표본오차 : 95% 신뢰수준에 ±4.4%포인트■ 내용 : 정당 지지도 및 차기 속초시장 지지도, 선택기준, 차기 강원특별자치도지사 지지도 등 (중앙선거여론조사심의위원회 홈페이지 참조)"
,한국리서치,-,0.0,-,0.0,0.0,https://gall.dcinside.com/mgallery/board/view/?id=minjudang&no=5000019&exception_mode=recommend&search_head=100&page=6,한국리서치 : 제주지사,여론조사개요는 첨부된 마지막 사진 확인바람이상 자세한 사항은 중앙선거여론조사심의위원회 홈페이지 참조
강원도지사,시그널,우상호,51.4,김진태,38.8,12.6,https://gall.dcinside.com/mgallery/board/view/?id=minjudang&no=4998968&exception_mode=recommend&search_head=100&page=6,시그널 : 강원도지사 우상호 51.4% v 김진태 38.8%,"강원도를 4권역으로 나눴을 때, 우상호 후보는 춘천권(우상호 55.6%, 김진태 32.8%), 원주권(우상호 53.5%, 김진태 36.1%), 강릉속초권(우상호 48.6%, 김진태 41.4%) 등 3권역에서 김진태 지사를 앞섰고, 김진태 지사는 동해삼척권(우상호 43.8%, 김진태 59.7%) 한 권역에서만 우상호 후보를 앞섰다.이념성향별로는 '스윙보터'인 중도층에서 우상호 후보가 59.4%를 기록했고, 김진태 지사는 29.9%를 기록했다.강원도 지역 정당 지지도는 더불어민주당 49.5%, 국민의힘 34.6%, 무당층은 10.6%로 나타났다.투표 의향에서는 '반드시 투표하겠다'는 적극 투표층이 59.2%로 나타났고, 가급적 투표하겠다는 소극투표층은 27.5%로 나타났다.강삼영, 박현숙은 진보 성향으로, 신경호, 유대균은 보수 성향으로, 최광익은 중도 성향으로 분류된다. 이 조사에서는 강삼영 23.1%, 신경호 20.0%, 유대균 12.6%, 최광익 7.7%, 박현숙 5.7%로 나타났다. 기타 7.4%, 없음 13.9%, 모름 9.6%였다.강원교육감 4인 가상대결에서는, 강삼영 27.2%, 신경호 22.3%, 유대균 14.1%, 박현숙 6.3%으로 조사됐다. 기타 5.7%, 없음 12.0%, 모름 12.4%였다.강원교육감 3인 가상대결은, 강삼영 30.8%, 신경호 24.5%, 유대균 16.2%로 조사됐고, 기타 7.3%, 없음 10.8%, 모름 10.3%였다.조사개요조사대상 : 강원특별자치도 거주 만 18세 이상 성인 남녀조사방법 : 무선 ARS 전화조사 (가상번호 100%)유효표본 : 800 샘플표본추출 : 통신3사 제공 휴대전화 가상번호가중값 산출 : 성·연령·지역 기준 3way 가중값 부여 (셀가중)- 2026년 03월 말 행정안전부 주민등록 인구 기준응답률 : 7.8%표본오차 : 95% 신뢰수준에서 최대허용오차 ± 3.5%p조사기간 : 2026년 04월 13일 (월) ~ 04월 14일 (화)조사기관 : (주)시그널앤펄스이상 자세한 사항은 중앙선거여론조사심의위원회 홈페이지 참조"
부산시장,KSOI,전재수,48.0,박형준,35.2,12.8,https://gall.dcinside.com/mgallery/board/view/?id=minjudang&no=4996820&exception_mode=recommend&search_head=100&page=6,KSOI : 부산시장 전재수 48% v 박형준 35.2%,여론조사개요는 첨부된 마지막 사진 확인바람 이상 자세한 사항은 중앙선거여론조사심의위원회 홈페이지 참조 - dc official App
대구시장,한국리서치,김부겸,44.0,이진숙,26.0,18.0,https://gall.dcinside.com/mgallery/board/view/?id=minjudang&no=4996574&exception_mode=recommend&search_head=100&page=6,한국리서치 : 대구시장 김부겸 44% v 이진숙 26%,여론조사개요는 첨부된 마지막 사진 확인바람 이상 자세한 사항은 중앙선거여론조사심의위원회 홈페이지 참조 - dc official App
부산시장,JTBC-메타보이스,전재수,45.0,박형준,35.0,10.0,https://gall.dcinside.com/mgallery/board/view/?id=minjudang&no=4996017&exception_mode=recommend&search_head=100&page=6,JTBC-메타보이스 : 부산시장 전재수 45% v 박형준 35%,"〈조사개요-부산〉 조사의뢰: JTBC 조사일시: 2026년 4월 11~12일 조사기관: 메타보이스, 글로벌리서치 조사지역 및 대상: 부산에 거주하는 만 18세 이상 남녀 조사내용: 국정 운영 평가, 정당 지지도, 부산시장 후보 1:1 가상대결, 지방선거 투표 의향, 성격 인식, 주요 정당 공천 평가, 시정 운영 평가, 지방선거 투표 후보 선택 기준, 부산시장 당선자 중점 추진 현안, 가덕도신공항 완공 목표 공감도, 부울경 행정 통합 평가, 5극3특 구상 평가 등 조사방법: 가상번호 활용 무선100% 전화면접(CATI) 표본오차: ±3.5%p (95% 신뢰수준) 응답률: 9.3% 표본의 크기: 803명 피조사자 선정방법: 2026년 3월 말 주민등록인구통계에 따라 성별, 연령대별, 권역별 비례할당 후 무작위추출 가중치 산출 및 적용 방법: 2026년 3월 말 행정안전부 주민등록 인구 기준 성별, 연령대별, 권역별 가중치 부여(셀가중) 이번 여론조사와 관련한 자세한 사항은 JTBC 홈페이지(www.jtbc.co.kr)나 중앙선거여론조사심의위원회 홈페이지(https://www.nesdc.go.kr)를 참조해주십시오. - dc official App"
서울시장,JTBC-메타보이스,정원오,50.0,오세훈,34.0,16.0,https://gall.dcinside.com/mgallery/board/view/?id=minjudang&no=4996015&exception_mode=recommend&search_head=100&page=6,JTBC-메타보이스 : 서울시장 정원오 50% v 오세훈 34%,"〈조사개요-서울〉 조사의뢰: JTBC 조사일시: 2026년 4월 11~12일 조사기관: 메타보이스, 글로벌리서치 조사지역 및 대상: 서울에 거주하는 만 18세 이상 남녀 조사내용: 국정 운영 평가, 정당 지지도, 서울시장 후보 1:1 가상대결, 지방선거 투표 의향, 성격 인식, 주요 정당 공천 평가, 시정 운영 평가, 지방선거 투표 후보 선택 기준, 서울시장 당선자 중점 추진 현안, 가장 필요한 부동산 안정화 대책, 토지거래허가제 인식 조사방법: 가상번호 활용 무선100% 전화면접(CATI) 표본오차: ±3.5%p (95% 신뢰수준) 응답률: 7.1% 표본의 크기: 804명 피조사자 선정방법: 2026년 3월 말 주민등록인구통계에 따라 성별, 연령대별, 권역별 비례할당 후 무작위추출 가중치 산출 및 적용 방법: 2026년 3월 말 행정안전부 주민등록 인구 기준 성별, 연령대별, 권역별 가중치 부여(셀가중) 이번 여론조사와 관련한 자세한 사항은 JTBC 홈페이지(www.jtbc.co.kr)나 중앙선거여론조사심의위원회 홈페이지(https://www.nesdc.go.kr)를 참조해주십시오. - dc official App"
李 67%,JTBC-메타보이스,민주,46.0,국힘,21.0,25.0,https://gall.dcinside.com/mgallery/board/view/?id=minjudang&no=4995910&exception_mode=recommend&search_head=100&page=6,JTBC-메타보이스 : 李 67% 민주 46% 국힘 21%,"JTBC가 지난 12일부터 이틀간 진행한 여론조사에서 이재명 대통령이 국정 수행을 '잘하고 있다'는 응답이 67%, '잘못하고 있다'가 30%로 나타났습니다. JTBC가 지난 1월 신년을 맞아 진행한 여론조사에서는 긍정 평가 62%·부정 평가 35%였던 점을 고려하면 긍정 평가는 올라갔고, 부정 평가는 낮아진 겁니다. 응답자의 93%는 이번 지방선거 때 '투표하겠다'고 답했습니다. 지방선거 성격에 관해서는 '국정 안정을 위해 여당 후보가 더 많이 당선돼야 한다'가 51%, '정부 견제를 위해 야당 후보가 더 많이 당선돼야 한다'는 36%를 기록했습니다. 정부·여당에 힘을 실어줘야 한다는 의견이 오차범위 밖에서 앞서는 겁니다. 정당 지지도는 더불어민주당이 46%로 가장 높았고, 국민의힘(21%), 조국혁신당·개혁신당(2%), 진보당·사회민주당(1%)이 그 뒤를 이었습니다. 민주당과 국민의힘의 공천에 대한 평가도 들어봤습니다. 민주당의 경우 '잘하고 있다'가 57%, '잘못하고 있다'는 29%였습니다. 국민의힘은 '잘하고 있다' 20%, '잘못하고 있다'가 68%로 민주당과 반대 양상을 보였습니다. 자세한 소식은 오늘 저녁 6시 30분, 'JTBC 뉴스룸'에서 전해드립니다. 〈조사개요〉 조사의뢰: JTBC 조사일시: 2026년 4월 12~13일 조사기관: 메타보이스, 글로벌리서치 조사지역 및 대상: 전국 만 18세 이상 남녀 조사내용: 국정 운영 평가, 정당 지지도, 지방선거 투표 의향, 성격 인식, 주요 정당 공천 및 당 대표 직무 수행 평가, 尹 정부 시기 이재명 대통령 기소 사건 공소취소 주장 공감도, 국민의힘 尹 절연 충분 정도 평가, 지방선거와 개헌 동시 국민투표 공감도, 중동 전장 동맹국으로서 미국 조력 공감도, 북미회동 필요성 공감도 등 조사방법: 가상번호 활용 무선100% 전화면접(CATI) 표본오차: ±3.1%p (95% 신뢰수준) 응답률: 8.9% 표본의 크기: 1,001명 피조사자 선정방법: 2026년 3월 말 주민등록인구통계에 따라 성별, 연령대별, 권역별 비례할당 후 무작위추출 가중치 산출 및 적용 방법: 2026년 3월 말 행정안전부 주민등록 인구 기준 성별, 연령대별, 권역별 가중치 부여(셀가중) https://n.news.naver.com/mnews/article/437/0000487306?sid=100 이 대통령 긍정평가 67%, 신년조사 보다 5%p 상승...이번 지방선거의 성격, 국정안정론 51% vs 정부 견제론 36%6.3 지방선거를 50일 앞둔 상황, 이재명 대통령 국정 수행을 긍정적으로 평가하는 비율은 67%로 올해 초보다도 늘어난 것으로 나타났습니다. JTBC가 지난 12일부터 이틀간 진행한 여론조사에서 이재명 대통령이 국n.news.naver.com - dc official App"
부산 동구 李 60.7%,이너텍,민주,45.5,국힘,37.2,8.3,https://gall.dcinside.com/mgallery/board/view/?id=minjudang&no=4993469&exception_mode=recommend&search_head=100&page=6,이너텍 : 부산 동구 李 60.7% 민주 45.5% 국힘 37.2%,"여야 대진표가 확정된 부산 동구청장 선거를 앞두고 실시된 여론조사에서 김종우 더불어민주당 후보가 강철호 국민의힘 후보를 오차범위 밖에서 앞서는 것으로 나타났다. 보수세가 강한 원도심에서의 이 같은 표심 변화는 해양수산부 부산 이전 등으로 인한 이재명 정권의 높은 국정 지지율 덕분인 것으로 분석된다. 아이뉴스24 의뢰로 (주)이너텍시스템즈가 지난 11일과 12일 양일간 실시한 여론조사에 따르면 김종우 후보가 46.6%의 지지율을 기록하며, 강철호 후보(32.4%)를 14.2%포인트 차이로 앞섰다. (중략) 부산 내에서도 보수세가 강한 원도심 지역에서 민주당의 지지율이 상승한 것은 이재명 정권의 높은 국정평가 덕분으로 풀이된다. 실제 같은 조사에서 이재명 정부의 국정평가를 묻는 질문에 60.7%(매우 잘하고 있다 41.5%, 잘하고 있는 편이다 19.2%)가 긍정적으로 평가했다. 반면 부정적 평가는 31.9%( 잘 못하고 있는 편이다 13.1%, 매우 잘 못하고 있다 18.8%)에 불과했다. 잘모름 응답은 7.4%였다. 정당지지도 역시 더불어민주당이 45.5%로 가장 앞서는 것으로 나타났고, 국민의힘은 37.2%로 2위를 차지했다. 이어 지지정당 없음 8.3%, 개혁신당 2.9%, 잘모름 2.0%, 조국혁신당 1.5%, 진보당 1.4%, 기타정당 1.3%로 나타났다. 부산 동구에 직접적 영향을 끼친 '해양수산부 본사 이전'에 대해서는 90.0%(매응 긍정 68.9%, 긍정 21.1%)가 긍정적으로 평가했다. 이어 잘모름 6.2%, 매우 부정적 1.7%, 부정적 2.1% 순으로 나타났다. 부산시장 후보에 대한 지지도 역시 동일한 양상을 보였다. 부산시장 후보군 다자대결에서 동구 유권자들은 전재수 더불어민주당 후보(42.7%)를 가장 선호하는 것으로 나타났다. 이어 박형준 부산시장과 주진우 국회의원이 각각 26.0%와 14.0%를 기록했다. 다만 국민의힘 후보 경선이 진행 중에 실시된 여론조사인 탓에 박형준 시장이 본 후보로 확정된 현재 여론은 알 수 없는 상태다. 한편 이번 조사는 부산 동구에 거주하는 만 18세 이상 성인 남녀 503명을 대상으로 ARS 여론조사시스템을 이용한 전화조사 방식(무선 가상번호 100%)으로 진행됐다. 표본오차는 95% 신뢰수준에서 ±4.4%포인트이며, 응답률은 6.3%로 나타났다. 자세한 사항은 중앙선거여론조사심의위원회 홈페이지를 참조하면 된다. https://n.news.naver.com/article/031/0001021804?sid=102 김종우 46.6% vs 강철호 32.4%…부산 동구 판 바뀌나여야 대진표가 확정된 부산 동구청장 선거를 앞두고 실시된 여론조사에서 김종우 더불어민주당 후보가 강철호 국민의힘 후보를 오차범위 밖에서 앞서는 것으로 나타났다. 보수세가 강한 원도심에서의 이 같은 표심 변화는 해양수n.news.naver.com - dc official App"
오중기 경북지사 예비후보,미상,여론조사,30.0,-,0.0,30.0,https://gall.dcinside.com/mgallery/board/view/?id=minjudang&no=4994254&exception_mode=recommend&search_head=100&page=6,"오중기 경북지사 예비후보, 여론조사 30% 벽 돌파","https://n.news.naver.com/article/014/0005506482?sid=162 오중기 경북지사 예비후보, 여론조사 30% 벽 돌파더불어민주당 오중기 전 청와대 선임행정관이 경북지사 출마 선언 이후 실시된 첫 여론조사에서 가상대결 지지율 30%를 넘어서 관심을 끈다. 특히 이같은 추세가 이어진다면 지난 지방선거 당시에 기록했던 지지율을 넘어설 n.news.naver.com가상대결서 30%대 지지율 확보하며 국민의힘 후보와 격차 좁혀 40·50대 및 중도층에서 견고한 지지세 나타나 이번 조사는 TBC의 의뢰로 리얼미터가 2026년 4월 6일부터 7일까지 이틀간 경북도에 거주하는 만 18세 이상 남녀 801명을 대상으로 실시했다. 조사 방법은 국내 통신사가 제공한 무선 전화 가상번호 리스트를 100% 활용한 구조화된 설문지 이용 자동응답(ARS) 방식으로 진행됐으며, 전체 응답률은 7.3%를 기록했다. 이번 조사의 표본오차는 95% 신뢰수준에서 ±3.5%포인트다. 자세한 내용은 중앙선거여론조사심의위원회 홈페이지를 참조하면 된다. - dc official App"
비전코리아,미상,김민석,28.3,정청래,27.6,0.7,https://gall.dcinside.com/mgallery/board/view/?id=minjudang&no=4993553&exception_mode=recommend&search_head=100&page=6,비전코리아 정청래 27.6 김민석 28.3,진짜 박빙이긴 하네민주당 지지층에선 김 42% 정 41.6%
경기 김포시,리얼미터,민주,60.7,국힘,21.3,39.4,https://gall.dcinside.com/mgallery/board/view/?id=minjudang&no=4993280&exception_mode=recommend&search_head=100&page=6,리얼미터 : 경기 김포시 민주 60.7% 국힘 21.3%,자세한 사항은 중앙선관위 여론조사 심의위원회 홈페이지 참조
,미상,-,0.0,-,0.0,0.0,https://gall.dcinside.com/mgallery/board/view/?id=minjudang&no=4993142&exception_mode=recommend&search_head=100&page=6,"KOPRA) 이재명 대통령 쌍방울 기소, '조작기소이다' 과반 육박","대한민국 자유 유튜브 총연합회가 한국여론평판연구소(KOPRA)에 의뢰해 지난 11∼12일 전국 만 18세 이상 남녀 1,005명을 대상으로 실시한 정치사회 현안 여론조사에 따르면, 지방선거에서 더불어민주당 후보에 투표하겠다는 응답은 51%, 국민의힘은 31%로 집계됐다.조사개요이 조사는 대한민국 자유 유튜브 총연합회가 한국여론평판연구소(KOPRA)에 의뢰해 2026년 4월 11일~ 4월 12일 전국 만 18세 이상 남녀 1,005명을 대상으로 무선 RDD를 이용한 ARS조사 방식으로 진행했다. 응답률은 3.5%(28,338명 중 1,005명)이며 2026년 3월 말 행정 안전부 주민등록인구 기준으로 성별, 연령별 ,지역별 가중값을 부여했고, 표본오차는 95% 신뢰수준에 ±3.1%p다.자세한 내용은 중앙선거여론조사심의위원회 홈페이지에서 확인할 수 있다."
,여조꽃,-,0.0,-,0.0,0.0,https://gall.dcinside.com/mgallery/board/view/?id=minjudang&no=4992386&exception_mode=recommend&search_head=100&page=6,여조꽃 : 경기,여론조사개요는 첨부된 마지막 사진 확인바람이상 자세한 사항은 중앙선거여론조사심의위원회 홈페이지 참조
,미상,-,0.0,-,0.0,0.0,https://gall.dcinside.com/mgallery/board/view/?id=minjudang&no=4992380&exception_mode=recommend&search_head=100&page=6,여조꽃 정례조사,여론조사개요는 첨부된 마지막 사진 확인바람이상 자세한 사항은 중앙선거여론조사심의위원회 홈페이지 참조
,리얼미터,이재명,61.9,민주,50.6,11.3,https://gall.dcinside.com/mgallery/board/view/?id=minjudang&no=4992226&exception_mode=recommend&search_head=100&page=6,리얼미터 : 이재명 61.9% 민주 50.6% 국힘 30%,
,미상,-,0.0,-,0.0,0.0,https://gall.dcinside.com/mgallery/board/view/?id=minjudang&no=4991486&exception_mode=recommend&search_head=100&page=6,세계일보-한국갤럽- 서울시장 가상대결,"조사 어떻게 했나 세계일보는 6·3 지방선거를 50여일 앞두고 한국갤럽에 의뢰해 전국 10곳(서울·경기·인천·강원·대전·충북·충남·부산·대구·경남) 총 8039명을 대상으로 광역단체장 후보 지지도와 선거 투표 의향, 지역별 우선 해결 현안 등을 물었다. 이번 조사는 이동통신 3사 제공 무선전화 가상번호를 무작위로 추출해 전화조사원 인터뷰(CATI) 방식으로 진행했고, 지난달 행정안전부 주민등록 인구 기준으로 성별·연령별·지역별 가중치를 부여했다. 지역별 조사 기간, 조사 대상, 응답률, 표본오차는 서울의 경우 지난 10∼11일 서울 거주 만 18세 이상 803명을 대상으로 조사했다. 응답률은 11.9%, 표본오차는 95%신뢰 수준에 ±3.5%포인트다. 경기는 지난 9∼10일 경기 거주 만 18세 이상 800명에게 조사를 진행했다. 응답률은 11.8% 표본오차는 95% 신뢰수준에 ±3.5%포인트다. 인천은 지난 7∼8일 인천 거주 만 18세 이상 808명을 대상으로 했다. 응답률은 12.7% , 표본오차는 95% 신뢰수준에 ±3.4%포인트다.- dc official App"
경기 평택을,에스티아이,민주,45.3,국힘,26.4,18.9,https://gall.dcinside.com/mgallery/board/view/?id=minjudang&no=4960823&exception_mode=recommend&search_head=100&page=6,에스티아이 : 경기 평택을 민주 45.3% 국힘 26.4%,이번 조사는 평택시민신문 의뢰로 여론조사전문기관 에스티아이가 2026년 3월 30일부터 31일까지 평택을 선거구 거주 만 18세 이상 남녀 802명을 대상으로 무선 ARS 방식(휴대전화 가상번호 100%)으로 실시했다. 표본오차는 95% 신뢰수준에 ±3.5%p이며 응답률은 6.1%다. 자세한 내용은 평택시민신문 홈페이지와 중앙선거여론조사심의위원회 홈페이지를 참조하면 된다. - dc official App
,갤럽 여조 가상대결 25,-,0.0,-,0.0,0.0,https://gall.dcinside.com/mgallery/board/view/?id=minjudang&no=4990910&exception_mode=recommend&search_head=100&page=6,갤럽 여조 가상대결 25:0 대완승,"대구 김부겸 61 최은석 25대구 김부겸 60 홍석준 26대구 김부겸 60 이재만 27충북 신용한 58 윤희근 25대구 김부겸 58 윤재옥 30서울 정원오 57 박수민 25서울 정원오 57 윤희숙 26충북 신용한 57 윤갑근 27경기 추미애 57 조광한 27대구 김부겸 57 유영하 31경기 추미애 56 양향자 27경기 추미애 55 함진규 27대전 허태정 55 이장우 28충북 신용한 55 김영환 29대구 김부겸 54 이진숙 37대구 김부겸 53 주호영 35대구 김부겸 53 추경호 36충남 양승조 52 김태흠 33서울 정원오 52 오세훈 37부산 전재수 51 박형준 40대전 장철민 51 이장우 29충남 박수현 51 김태흠 34인천 박찬대 49 유정복 33강원 우상호 48 김진태 37경남 김경수 44 박완수 40첫째 23:0으로 모든 여조에서 민주당이 이김둘째 김부겸 득표율이 제일 높음조사 어떻게 했나 세계일보는 6·3 지방선거를 50여일 앞두고 한국갤럽에 의뢰해 전국 10곳(서울·경기·인천·강원·대전·충북·충남·부산·대구·경남) 총 8039명을 대상으로 광역단체장 후보 지지도와 선거 투표 의향, 지역별 우선 해결 현안 등을 물었다. 이번 조사는 이동통신 3사 제공 무선전화 가상번호를 무작위로 추출해 전화조사원 인터뷰(CATI) 방식으로 진행했고, 지난달 행정안전부 주민등록 인구 기준으로 성별·연령별·지역별 가중치를 부여했다. 지역별 조사 기간, 조사 대상, 응답률, 표본오차는 서울의 경우 지난 10∼11일 서울 거주 만 18세 이상 803명을 대상으로 조사했다. 응답률은 11.9%, 표본오차는 95%신뢰 수준에 ±3.5%포인트다. 경기는 지난 9∼10일 경기 거주 만 18세 이상 800명에게 조사를 진행했다. 응답률은 11.8% 표본오차는 95% 신뢰수준에 ±3.5%포인트다. 인천은 지난 7∼8일 인천 거주 만 18세 이상 808명을 대상으로 했다. 응답률은 12.7% , 표본오차는 95% 신뢰수준에 ±3.4%포인트다. 강원은 지난 7∼8일 강원 거주 만 18세 이상 803명으로 조사를 실시했다. 응답률은 17.3% 표본오차는 95% 신뢰수준에 ±3.5%포인트다. 대전은 지난 8∼9일 대전 거주 만 18세 이상 803명 대상으로 조사했고, 응답률 14.3% 표본오차 95% 신뢰수준에 ±3.5%포인트다. 충북은 지난 10∼11일 충북 거주 만 18세 이상 802명을 대상으로 했고, 응답률 14.4% 표본오차 95% 신뢰수준에 ±3.5%포인트다. 충남은 지난 8∼9일 충남 거주 만 18세 이상 804명이 조사 대상이다. 응답률은 14.2% 표본오차는 95% 신뢰수준에 ±3.5%포인트다. 대구는 지난 10∼11일 대구 거주 만 18세 이상 805명에게 조사를 진행했다. 응답률은 13.9%, 표본오차는 95% 신뢰수준에 ±3.5%포인트다. 부산은 지난 9∼10일 부산 거주 만 18세 이상 805명 대상으로 했고, 응답률은 12.8% 표본오차는 95% 신뢰수준에 ±3.5%포인트다. 경남은 지난 7∼8일 경남 거주 만 19세 이상 806명을 대상으로 조사를 진행했다. 응답률은 15.4%, 표본오차는 95% 신뢰수준에 ±3.5%포인트다. 전체 응답자 구성은 남성 3983명(50%), 여성 4056명(50%)이다. 연령별로는 만 18~29세 1141명(14%), 30대 1139명(14%), 40대 1344명(17%), 50대 1563명(19%), 60대 1507명(19%), 70세 이상 1345명(17%)이다. 자세한 내용은 중앙선거여론조사심의위원회 홈페이지(www.nesdc.go.kr) 참조."
대구 뒤집어졌다...,미상,대구시민,60.0,-,0.0,60.0,https://gall.dcinside.com/mgallery/board/view/?id=minjudang&no=4990857&exception_mode=recommend&search_head=100&page=6,대구 뒤집어졌다...대구시민 60% '이재명 잘한다',"세계일보가 한국갤럽에 의뢰해 지난 10∼11일 대구의 18세 이상 유권자 805명을 대상으로 실시한 이 대통령 직무수행 평가 조사에서 대구 시민의 59%가 ‘잘하고 있다’고 응답한 것으로 나타났다. ‘잘못하고 있다’는 응답은 34%로 나타났다.조사 어떻게 했나 세계일보는 6·3 지방선거를 50여일 앞두고 한국갤럽에 의뢰해 전국 10곳(서울·경기·인천·강원·대전·충북·충남·부산·대구·경남) 총 8039명을 대상으로 광역단체장 후보 지지도와 선거 투표 의향, 지역별 우선 해결 현안 등을 물었다. 이번 조사는 이동통신 3사 제공 무선전화 가상번호를 무작위로 추출해 전화조사원 인터뷰(CATI) 방식으로 진행했고, 지난달 행정안전부 주민등록 인구 기준으로 성별·연령별·지역별 가중치를 부여했다. 지역별 조사 기간, 조사 대상, 응답률, 표본오차는 서울의 경우 지난 10∼11일 서울 거주 만 18세 이상 803명을 대상으로 조사했다. 응답률은 11.9%, 표본오차는 95%신뢰 수준에 ±3.5%포인트다. 경기는 지난 9∼10일 경기 거주 만 18세 이상 800명에게 조사를 진행했다. 응답률은 11.8% 표본오차는 95% 신뢰수준에 ±3.5%포인트다. 인천은 지난 7∼8일 인천 거주 만 18세 이상 808명을 대상으로 했다. 응답률은 12.7% , 표본오차는 95% 신뢰수준에 ±3.4%포인트다.자세한 내용은 여심위 참조."
,미상,-,0.0,-,0.0,0.0,https://gall.dcinside.com/mgallery/board/view/?id=minjudang&no=4990846&exception_mode=recommend&search_head=100&page=6,"충남지사 양승조, 박수현 김태흠 상대로 압승",https://www.segye.com/newsView/20260412508977 與 박수현·양승조 모두 우세… 김태흠 ‘현역프리미엄’ 힘 못 써 [6·3 지방선거 민심지도] 6·3 지방선거 충남지사 선거에서는 더불어민주당 결선 후보인 박수현·양승조(기호순) 누구든 국민의힘 김태흠 후보를 앞선다는 여론조사 결과가 나왔다. 현직 프리미엄을 안고 있는 김 후보가 민주당 후보들에게 밀리는 흐름은 충청권에서 국민의힘에 대한 견제 심리가 적지 않게 작동하고 있음을 보여준다는 해석이 나온다. ◆與 박수현 51% vs 野 김태흠 34% 세계일보가 지난 8∼9일 한국갤럽에 의뢰해 충남도민 만 18세 이상 804명을 대상으로 조사한 결과 이같이 나타났다.www.segye.com
,미상,-,0.0,-,0.0,0.0,https://gall.dcinside.com/mgallery/board/view/?id=minjudang&no=4990828&exception_mode=recommend&search_head=100&page=6,경기도지사 추미애 국힘 후보 상대로 완승,"https://www.segye.com/newsView/20260412509059 추미애 55∼57% … 연령·성별 떠나 ‘파죽지세’ [6·3 지방선거 민심지도] 6·3 지방선거 경기도지사 선거에서 더불어민주당 후보인 추미애 의원이 국민의힘 예비후보 3명 가운데 누구와 맞붙더라도 50% 이상의 지지율로 앞서는 것으로 나타났다. 국민의힘 후보가 아직 확정되지 않아 향후 판세가 달라질 가능성은 남아 있지만, 현재로선 추 의원이 우세한 흐름이다. 한국갤럽이 지난 9~10일 경기도 거주 만 18세 이상 남녀 800명을 대상으로 실시한 조사에서 ‘경기도지사 선거에서 양자 대결을 가정할 때 누가 경기도지사가 되는 것이 더 좋다고 보는가’라고 물은 결과 추 후보는 국민의힘 세 예비후보를 모두 큰 격차로 앞섰다.www.segye.com"
,세계일보-한국갤럽,-,0.0,-,0.0,0.0,https://gall.dcinside.com/mgallery/board/view/?id=minjudang&no=4990827&exception_mode=recommend&search_head=100&page=6,세계일보-한국갤럽 : 대전시장 가상대결,"조사 어떻게 했나 세계일보는 6·3 지방선거를 50여일 앞두고 한국갤럽에 의뢰해 전국 10곳(서울·경기·인천·강원·대전·충북·충남·부산·대구·경남) 총 8039명을 대상으로 광역단체장 후보 지지도와 선거 투표 의향, 지역별 우선 해결 현안 등을 물었다. 이번 조사는 이동통신 3사 제공 무선전화 가상번호를 무작위로 추출해 전화조사원 인터뷰(CATI) 방식으로 진행했고, 지난달 행정안전부 주민등록 인구 기준으로 성별·연령별·지역별 가중치를 부여했다. 지역별 조사 기간, 조사 대상, 응답률, 표본오차는 서울의 경우 지난 10∼11일 서울 거주 만 18세 이상 803명을 대상으로 조사했다. 응답률은 11.9%, 표본오차는 95%신뢰 수준에 ±3.5%포인트다. 경기는 지난 9∼10일 경기 거주 만 18세 이상 800명에게 조사를 진행했다. 응답률은 11.8% 표본오차는 95% 신뢰수준에 ±3.5%포인트다. 인천은 지난 7∼8일 인천 거주 만 18세 이상 808명을 대상으로 했다. 응답률은 12.7% , 표본오차는 95% 신뢰수준에 ±3.4%포인트다. 강원은 지난 7∼8일 강원 거주 만 18세 이상 803명으로 조사를 실시했다. 응답률은 17.3% 표본오차는 95% 신뢰수준에 ±3.5%포인트다. 대전은 지난 8∼9일 대전 거주 만 18세 이상 803명 대상으로 조사했고, 응답률 14.3% 표본오차 95% 신뢰수준에 ±3.5%포인트다. 충북은 지난 10∼11일 충북 거주 만 18세 이상 802명을 대상으로 했고, 응답률 14.4% 표본오차 95% 신뢰수준에 ±3.5%포인트다. 충남은 지난 8∼9일 충남 거주 만 18세 이상 804명이 조사 대상이다. 응답률은 14.2% 표본오차는 95% 신뢰수준에 ±3.5%포인트다. 대구는 지난 10∼11일 대구 거주 만 18세 이상 805명에게 조사를 진행했다. 응답률은 13.9%, 표본오차는 95% 신뢰수준에 ±3.5%포인트다. 부산은 지난 9∼10일 부산 거주 만 18세 이상 805명 대상으로 했고, 응답률은 12.8% 표본오차는 95% 신뢰수준에 ±3.5%포인트다. 경남은 지난 7∼8일 경남 거주 만 19세 이상 806명을 대상으로 조사를 진행했다. 응답률은 15.4%, 표본오차는 95% 신뢰수준에 ±3.5%포인트다. 전체 응답자 구성은 남성 3983명(50%), 여성 4056명(50%)이다. 연령별로는 만 18~29세 1141명(14%), 30대 1139명(14%), 40대 1344명(17%), 50대 1563명(19%), 60대 1507명(19%), 70세 이상 1345명(17%)이다. 자세한 내용은 중앙선거여론조사심의위원회 홈페이지(www.nesdc.go.kr) 참조."
,세계일보-한국갤럽,-,0.0,-,0.0,0.0,https://gall.dcinside.com/mgallery/board/view/?id=minjudang&no=4990825&exception_mode=recommend&search_head=100&page=6,세계일보-한국갤럽 : 충남지사 가상대결,"조사 어떻게 했나 세계일보는 6·3 지방선거를 50여일 앞두고 한국갤럽에 의뢰해 전국 10곳(서울·경기·인천·강원·대전·충북·충남·부산·대구·경남) 총 8039명을 대상으로 광역단체장 후보 지지도와 선거 투표 의향, 지역별 우선 해결 현안 등을 물었다. 이번 조사는 이동통신 3사 제공 무선전화 가상번호를 무작위로 추출해 전화조사원 인터뷰(CATI) 방식으로 진행했고, 지난달 행정안전부 주민등록 인구 기준으로 성별·연령별·지역별 가중치를 부여했다. 지역별 조사 기간, 조사 대상, 응답률, 표본오차는 서울의 경우 지난 10∼11일 서울 거주 만 18세 이상 803명을 대상으로 조사했다. 응답률은 11.9%, 표본오차는 95%신뢰 수준에 ±3.5%포인트다. 경기는 지난 9∼10일 경기 거주 만 18세 이상 800명에게 조사를 진행했다. 응답률은 11.8% 표본오차는 95% 신뢰수준에 ±3.5%포인트다. 인천은 지난 7∼8일 인천 거주 만 18세 이상 808명을 대상으로 했다. 응답률은 12.7% , 표본오차는 95% 신뢰수준에 ±3.4%포인트다. 강원은 지난 7∼8일 강원 거주 만 18세 이상 803명으로 조사를 실시했다. 응답률은 17.3% 표본오차는 95% 신뢰수준에 ±3.5%포인트다. 대전은 지난 8∼9일 대전 거주 만 18세 이상 803명 대상으로 조사했고, 응답률 14.3% 표본오차 95% 신뢰수준에 ±3.5%포인트다. 충북은 지난 10∼11일 충북 거주 만 18세 이상 802명을 대상으로 했고, 응답률 14.4% 표본오차 95% 신뢰수준에 ±3.5%포인트다. 충남은 지난 8∼9일 충남 거주 만 18세 이상 804명이 조사 대상이다. 응답률은 14.2% 표본오차는 95% 신뢰수준에 ±3.5%포인트다. 대구는 지난 10∼11일 대구 거주 만 18세 이상 805명에게 조사를 진행했다. 응답률은 13.9%, 표본오차는 95% 신뢰수준에 ±3.5%포인트다. 부산은 지난 9∼10일 부산 거주 만 18세 이상 805명 대상으로 했고, 응답률은 12.8% 표본오차는 95% 신뢰수준에 ±3.5%포인트다. 경남은 지난 7∼8일 경남 거주 만 19세 이상 806명을 대상으로 조사를 진행했다. 응답률은 15.4%, 표본오차는 95% 신뢰수준에 ±3.5%포인트다. 전체 응답자 구성은 남성 3983명(50%), 여성 4056명(50%)이다. 연령별로는 만 18~29세 1141명(14%), 30대 1139명(14%), 40대 1344명(17%), 50대 1563명(19%), 60대 1507명(19%), 70세 이상 1345명(17%)이다. 자세한 내용은 중앙선거여론조사심의위원회 홈페이지(www.nesdc.go.kr) 참조."
,세계일보-한국갤럽,-,0.0,-,0.0,0.0,https://gall.dcinside.com/mgallery/board/view/?id=minjudang&no=4990822&exception_mode=recommend&search_head=100&page=6,세계일보-한국갤럽 : 대구시장 가상대결,"조사 어떻게 했나 세계일보는 6·3 지방선거를 50여일 앞두고 한국갤럽에 의뢰해 전국 10곳(서울·경기·인천·강원·대전·충북·충남·부산·대구·경남) 총 8039명을 대상으로 광역단체장 후보 지지도와 선거 투표 의향, 지역별 우선 해결 현안 등을 물었다. 이번 조사는 이동통신 3사 제공 무선전화 가상번호를 무작위로 추출해 전화조사원 인터뷰(CATI) 방식으로 진행했고, 지난달 행정안전부 주민등록 인구 기준으로 성별·연령별·지역별 가중치를 부여했다. 지역별 조사 기간, 조사 대상, 응답률, 표본오차는 서울의 경우 지난 10∼11일 서울 거주 만 18세 이상 803명을 대상으로 조사했다. 응답률은 11.9%, 표본오차는 95%신뢰 수준에 ±3.5%포인트다. 경기는 지난 9∼10일 경기 거주 만 18세 이상 800명에게 조사를 진행했다. 응답률은 11.8% 표본오차는 95% 신뢰수준에 ±3.5%포인트다. 인천은 지난 7∼8일 인천 거주 만 18세 이상 808명을 대상으로 했다. 응답률은 12.7% , 표본오차는 95% 신뢰수준에 ±3.4%포인트다. 강원은 지난 7∼8일 강원 거주 만 18세 이상 803명으로 조사를 실시했다. 응답률은 17.3% 표본오차는 95% 신뢰수준에 ±3.5%포인트다. 대전은 지난 8∼9일 대전 거주 만 18세 이상 803명 대상으로 조사했고, 응답률 14.3% 표본오차 95% 신뢰수준에 ±3.5%포인트다. 충북은 지난 10∼11일 충북 거주 만 18세 이상 802명을 대상으로 했고, 응답률 14.4% 표본오차 95% 신뢰수준에 ±3.5%포인트다. 충남은 지난 8∼9일 충남 거주 만 18세 이상 804명이 조사 대상이다. 응답률은 14.2% 표본오차는 95% 신뢰수준에 ±3.5%포인트다. 대구는 지난 10∼11일 대구 거주 만 18세 이상 805명에게 조사를 진행했다. 응답률은 13.9%, 표본오차는 95% 신뢰수준에 ±3.5%포인트다. 부산은 지난 9∼10일 부산 거주 만 18세 이상 805명 대상으로 했고, 응답률은 12.8% 표본오차는 95% 신뢰수준에 ±3.5%포인트다. 경남은 지난 7∼8일 경남 거주 만 19세 이상 806명을 대상으로 조사를 진행했다. 응답률은 15.4%, 표본오차는 95% 신뢰수준에 ±3.5%포인트다. 전체 응답자 구성은 남성 3983명(50%), 여성 4056명(50%)이다. 연령별로는 만 18~29세 1141명(14%), 30대 1139명(14%), 40대 1344명(17%), 50대 1563명(19%), 60대 1507명(19%), 70세 이상 1345명(17%)이다. 자세한 내용은 중앙선거여론조사심의위원회 홈페이지(www.nesdc.go.kr) 참조."
,세계일보-한국갤럽,-,0.0,-,0.0,0.0,https://gall.dcinside.com/mgallery/board/view/?id=minjudang&no=4990817&exception_mode=recommend&search_head=100&page=6,세계일보-한국갤럽 : 경기지사 가상대결,"조사 어떻게 했나 세계일보는 6·3 지방선거를 50여일 앞두고 한국갤럽에 의뢰해 전국 10곳(서울·경기·인천·강원·대전·충북·충남·부산·대구·경남) 총 8039명을 대상으로 광역단체장 후보 지지도와 선거 투표 의향, 지역별 우선 해결 현안 등을 물었다. 이번 조사는 이동통신 3사 제공 무선전화 가상번호를 무작위로 추출해 전화조사원 인터뷰(CATI) 방식으로 진행했고, 지난달 행정안전부 주민등록 인구 기준으로 성별·연령별·지역별 가중치를 부여했다. 지역별 조사 기간, 조사 대상, 응답률, 표본오차는 서울의 경우 지난 10∼11일 서울 거주 만 18세 이상 803명을 대상으로 조사했다. 응답률은 11.9%, 표본오차는 95%신뢰 수준에 ±3.5%포인트다. 경기는 지난 9∼10일 경기 거주 만 18세 이상 800명에게 조사를 진행했다. 응답률은 11.8% 표본오차는 95% 신뢰수준에 ±3.5%포인트다. 인천은 지난 7∼8일 인천 거주 만 18세 이상 808명을 대상으로 했다. 응답률은 12.7% , 표본오차는 95% 신뢰수준에 ±3.4%포인트다. 강원은 지난 7∼8일 강원 거주 만 18세 이상 803명으로 조사를 실시했다. 응답률은 17.3% 표본오차는 95% 신뢰수준에 ±3.5%포인트다. 대전은 지난 8∼9일 대전 거주 만 18세 이상 803명 대상으로 조사했고, 응답률 14.3% 표본오차 95% 신뢰수준에 ±3.5%포인트다. 충북은 지난 10∼11일 충북 거주 만 18세 이상 802명을 대상으로 했고, 응답률 14.4% 표본오차 95% 신뢰수준에 ±3.5%포인트다. 충남은 지난 8∼9일 충남 거주 만 18세 이상 804명이 조사 대상이다. 응답률은 14.2% 표본오차는 95% 신뢰수준에 ±3.5%포인트다. 대구는 지난 10∼11일 대구 거주 만 18세 이상 805명에게 조사를 진행했다. 응답률은 13.9%, 표본오차는 95% 신뢰수준에 ±3.5%포인트다. 부산은 지난 9∼10일 부산 거주 만 18세 이상 805명 대상으로 했고, 응답률은 12.8% 표본오차는 95% 신뢰수준에 ±3.5%포인트다. 경남은 지난 7∼8일 경남 거주 만 19세 이상 806명을 대상으로 조사를 진행했다. 응답률은 15.4%, 표본오차는 95% 신뢰수준에 ±3.5%포인트다. 전체 응답자 구성은 남성 3983명(50%), 여성 4056명(50%)이다. 연령별로는 만 18~29세 1141명(14%), 30대 1139명(14%), 40대 1344명(17%), 50대 1563명(19%), 60대 1507명(19%), 70세 이상 1345명(17%)이다. 자세한 내용은 중앙선거여론조사심의위원회 홈페이지(www.nesdc.go.kr) 참조."
,세계일보-한국갤럽,-,0.0,-,0.0,0.0,https://gall.dcinside.com/mgallery/board/view/?id=minjudang&no=4990809&exception_mode=recommend&search_head=100&page=6,"세계일보-한국갤럽 : 서울, 부산, 인천, 대구, 경남, 강원 가상대결","조사 어떻게 했나 세계일보는 6·3 지방선거를 50여일 앞두고 한국갤럽에 의뢰해 전국 10곳(서울·경기·인천·강원·대전·충북·충남·부산·대구·경남) 총 8039명을 대상으로 광역단체장 후보 지지도와 선거 투표 의향, 지역별 우선 해결 현안 등을 물었다. 이번 조사는 이동통신 3사 제공 무선전화 가상번호를 무작위로 추출해 전화조사원 인터뷰(CATI) 방식으로 진행했고, 지난달 행정안전부 주민등록 인구 기준으로 성별·연령별·지역별 가중치를 부여했다. 지역별 조사 기간, 조사 대상, 응답률, 표본오차는 서울의 경우 지난 10∼11일 서울 거주 만 18세 이상 803명을 대상으로 조사했다. 응답률은 11.9%, 표본오차는 95%신뢰 수준에 ±3.5%포인트다. 경기는 지난 9∼10일 경기 거주 만 18세 이상 800명에게 조사를 진행했다. 응답률은 11.8% 표본오차는 95% 신뢰수준에 ±3.5%포인트다. 인천은 지난 7∼8일 인천 거주 만 18세 이상 808명을 대상으로 했다. 응답률은 12.7% , 표본오차는 95% 신뢰수준에 ±3.4%포인트다. 강원은 지난 7∼8일 강원 거주 만 18세 이상 803명으로 조사를 실시했다. 응답률은 17.3% 표본오차는 95% 신뢰수준에 ±3.5%포인트다. 대전은 지난 8∼9일 대전 거주 만 18세 이상 803명 대상으로 조사했고, 응답률 14.3% 표본오차 95% 신뢰수준에 ±3.5%포인트다. 충북은 지난 10∼11일 충북 거주 만 18세 이상 802명을 대상으로 했고, 응답률 14.4% 표본오차 95% 신뢰수준에 ±3.5%포인트다. 충남은 지난 8∼9일 충남 거주 만 18세 이상 804명이 조사 대상이다. 응답률은 14.2% 표본오차는 95% 신뢰수준에 ±3.5%포인트다. 대구는 지난 10∼11일 대구 거주 만 18세 이상 805명에게 조사를 진행했다. 응답률은 13.9%, 표본오차는 95% 신뢰수준에 ±3.5%포인트다. 부산은 지난 9∼10일 부산 거주 만 18세 이상 805명 대상으로 했고, 응답률은 12.8% 표본오차는 95% 신뢰수준에 ±3.5%포인트다. 경남은 지난 7∼8일 경남 거주 만 19세 이상 806명을 대상으로 조사를 진행했다. 응답률은 15.4%, 표본오차는 95% 신뢰수준에 ±3.5%포인트다. 전체 응답자 구성은 남성 3983명(50%), 여성 4056명(50%)이다. 연령별로는 만 18~29세 1141명(14%), 30대 1139명(14%), 40대 1344명(17%), 50대 1563명(19%), 60대 1507명(19%), 70세 이상 1345명(17%)이다. 자세한 내용은 중앙선거여론조사심의위원회 홈페이지(www.nesdc.go.kr) 참조."
잠시후 여조 폭탄 떨어질 예정 (16,미상,개중,10.0,-,0.0,10.0,https://gall.dcinside.com/mgallery/board/view/?id=minjudang&no=4990731&exception_mode=recommend&search_head=100&page=6,잠시후 여조 폭탄 떨어질 예정 (16개중 10개 시도),
경기 하남시,이너텍,민주,51.2,국힘,31.0,20.2,https://gall.dcinside.com/mgallery/board/view/?id=minjudang&no=4988781&exception_mode=recommend&search_head=100&page=6,이너텍 : 경기 하남시 민주 51.2% 국힘 31%,여론조사개요는 첨부된 사진에서 확인바람이상 자세한 사항은 중앙선거여론조사심의위원회 홈페이지 참조
대구,에브리리서치,국힘,43.4,민주,36.1,7.3,https://gall.dcinside.com/mgallery/board/view/?id=minjudang&no=4981934&exception_mode=recommend&search_head=100&page=6,에브리리서치 : 대구 국힘 43.4% 민주 36.1%,"국민의힘 지지층에서는 추 의원 32.1%, 유 의원 11.4%, 윤 의원 10.3% 순으로 조사됐다. 정당 지지도 조사에서는 국민의힘 43.4%, 더불어민주당 36.1%로 오차범위 밖에서 국민의힘이 앞섰다. '지지 정당 없음'은 10.8%, 기타 정당 4.4%, '잘 모르겠다'는 1.8%였다. 연령별로는 60대와 70세 이상의 국민의힘 지지도가 각각 54.2%, 63.5%로 높았고, 40대와 50대에서는 민주당 지지가 각각 53.6%, 50.4%로 우세를 보였다. 이 조사는 뉴스1 코리아 대구경북취재본부와 ㈜에브리뉴스가 ㈜에브리리서치에 의뢰해 지난 6~7일 대구에 거주하는 만 18세 이상 남녀 1000명을 대상으로 유선 RDD 20%, 무선 가상번호 80%를 활용한 ARS 전화조사 방식으로 진행됐다. 응답률은 3.7%이며, 표본오차는 95% 신뢰수준에 ±3.1%p다. 자세한 사항은 중앙선거여론조사심의위원회 홈페이지를 참조하면 된다. https://v.daum.net/v/20260409100126434 대구시장 국힘 경선 주자 6명 중 추경호 16.7% 선두…유보층 39.2%(대구=뉴스1) 이재춘 기자 = 국민의힘 대구시장 경선 후보 중 추경호 의원이 16.7%로 선두를 달리는 것으로 나타났다. 9일 뉴스1 코리아 대구경북취재본부와 ㈜에브리뉴스가 ㈜에브리리서치에 의뢰해 실시한 여론조사에서 국민의힘 대구시장 경선 주자 중 추 의원이 16.7%로 가장 앞섰고, 유영하 의원 7.3%, 윤재옥 의원 6.6%, 이재만 전 대구 동구v.daum.net - dc official App"
,한국갤럽,이재명,67.0,민주,48.0,19.0,https://gall.dcinside.com/mgallery/board/view/?id=minjudang&no=4984450&exception_mode=recommend&search_head=100&page=6,한국갤럽 : 이재명 67% 민주 48% 국힘 20%,"조사 개요- 조사기간: 2026년 4월 7~9일- 표본추출: 이동통신 3사 제공 무선전화 가상번호 무작위 추출- 응답방식: 전화조사원 인터뷰(CATI)- 조사대상: 전국 만 18세 이상 1,002명- 표본오차: ±3.1%포인트(95% 신뢰수준) – 주요 지표 표준오차·신뢰구간·상대표준오차 제시- 접촉률: 36.0%(전체 투입 유효 번호 대비 통화 연결)- 응답률: 15.0%(총통화 6,702명 중 1,002명 응답 완료)- 의뢰처: 한국갤럽 자체 조사이상 자세한 사항은 중앙선거여론조사심의위원회 홈페이지 참조"
,여조꽃,-,0.0,-,0.0,0.0,https://gall.dcinside.com/mgallery/board/view/?id=minjudang&no=4984288&exception_mode=recommend&search_head=100&page=6,여조꽃 : 충남,여론조사개요는 첨부된 마지막 사진 확인바람이상 자세한 사항은 중앙선거여론조사심의위원회 홈페이지 참조
,여조꽃,-,0.0,-,0.0,0.0,https://gall.dcinside.com/mgallery/board/view/?id=minjudang&no=4984285&exception_mode=recommend&search_head=100&page=6,여조꽃 : 대전,여론조사개요는 첨부된 마지막 사진 확인바람이상 자세한 사항은 중앙선거여론조사심의위원회 홈페이지 참조
,미상,-,0.0,-,0.0,0.0,https://gall.dcinside.com/mgallery/board/view/?id=minjudang&no=4984278&exception_mode=recommend&search_head=100&page=6,8월 민주당 전당대회 가상대결 결과,과연..
,여조꽃,-,0.0,-,0.0,0.0,https://gall.dcinside.com/mgallery/board/view/?id=minjudang&no=4984277&exception_mode=recommend&search_head=100&page=6,여조꽃 : 대구,여론조사개요는 첨부된 마지막 사진 확인바람이상 자세한 사항은 중앙선거여론조사심의위원회 홈페이지 참조
,NBS,이재명,69.0,민주,47.0,22.0,https://gall.dcinside.com/mgallery/board/view/?id=minjudang&no=4982106&exception_mode=recommend&search_head=100&page=6,NBS : 이재명 69% 민주 47% 국힘 18%,"조사개요 조사지역: 전국 조사기간: 2026년 4월 6일 ~ 4월 8일(3일간) 조사대상(모집단): 만 18세 이상 남녀 조사방법: 국내 통신 3사가 제공하는 휴대전화 가상번호(100%)를 이용한 전화면접조사 표본추출: 성·연령·지역별 층화확률추출 표본크기: 1,000명 (가중값 적용 후 1,000명) 피조사자 선정방법: 성·연령·지역으로 층화된 가상번호 내 무작위 추출 응답률: 22.7% (총 4,410명과 통화하여 그 중 1,000명 응답 완료) 접촉률: 25.5% 가중치 산출 및 적용: 성･연령･지역별 가중치 부여(셀가중) 2026년 3월말 행정안전부 주민등록인구 통계 기준 표본오차: 95% 신뢰수준에서 ± 3.1% point 조사기관: 엠브레인퍼블릭ㆍ케이스탯리서치ㆍ코리아리서치ㆍ한국리서치 이상 자세한 사항은 중앙선거여론조사심의위원회 홈페이지 참고 - dc official App"
,KIR,이재명,63.7,민주,50.5,13.2,https://gall.dcinside.com/mgallery/board/view/?id=minjudang&no=4981596&exception_mode=recommend&search_head=100&page=6,KIR : 이재명 63.7% 민주 50.5% 국힘 28.7%,조사개요는 첨부된 그래픽에 적혀있으니 참고 자세한 내용은 중앙선거여론조사심의위원회 홈페이지를 참조하면 된다. - dc official App
,토마토,이재명,67.3,민주,55.2,12.1,https://gall.dcinside.com/mgallery/board/view/?id=minjudang&no=4981595&exception_mode=recommend&search_head=100&page=6,토마토 : 이재명 67.3% 민주 55.2% 국힘 24%,"밑은 민주당 당대표 가상대결 이번 조사는 미디어토마토가 뉴스토마토 의뢰로 지난 6일부터 7일까지 이틀간 만 18세 이상 전국 성인남녀 1035명을 대상으로 실시됐으며, 표본오차는 95% 신뢰수준에 ±3.0%포인트입니다. ARS(RDD) 무선전화 방식으로 진행됐으며, 응답률은 2.7%입니다. 그 밖의 자세한 조사 개요와 결과는 중앙선거여론조사심의위원회 홈페이지를 참조하면 됩니다. - dc official App"
충남,조원C&I,민주,50.1,국힘,34.2,15.9,https://gall.dcinside.com/mgallery/board/view/?id=minjudang&no=4981588&exception_mode=recommend&search_head=100&page=6,조원C&I : 충남 민주 50.1% 국힘 34.2%,"민주당 지지층으로 국한하면 양승조 51.7% vs 박수현 38.0%로, 당내 지지층에서도 양 전 지사의 우위가 확인됐다. 이번 조사는 스트레이트뉴스 의뢰로 조원씨앤아이가 2026년 4월 6~7일 2일간 충청남도 거주 18세 이상 남녀 대상으로 ARS 여론조사(휴대전화 가상번호 100%, 성, 연령대, 지역별 비례할당 무작위 추출)를 실시한 결과다. 표본수는 802명(총 통화시도 9742명, 응답률 8.2%), 표본오차는 95% 신뢰수준에 ±5.1%p다. 그 밖의 사항은 중앙선거여론조사심의위원회 홈페이지를 참조하면 된다. - dc official App"
경북도지사,리얼미터,이철우,57.9,오중기,30.5,27.4,https://gall.dcinside.com/mgallery/board/view/?id=minjudang&no=4980860&exception_mode=recommend&search_head=100&page=6,리얼미터 : 경북도지사 오중기 30.5% v 이철우 57.9%,여론조사개요는 첨부된 마지막 사진 확인바람이상 자세한 사항은 중앙선거여론조사심의위원회 홈페이지 참조
경기 의왕시 李 68%,조원C&I,민주,57.8,국힘,27.9,29.9,https://gall.dcinside.com/mgallery/board/view/?id=minjudang&no=4980468&exception_mode=recommend&search_head=100&page=6,조원C&I : 경기 의왕시 李 68% 민주 57.8% 국힘 27.9%,"정당 지지도별로도 전반적으로 접전 흐름이 이어졌다. 민주당 지지층에서 정순욱 전 비서실장 41.0%, 오동현 전 장관정책보좌관 32.8%로 오차범위 내 접전이다. 국민의힘 지지층 역시 정순욱 전 비서실장 10.3%, 오동현 전 장관정책보좌관 17.2%로 오차범위 내 경쟁 구도였다. 이념 성향별로 보면 진보층(정순욱 전 비서실장 40.4%, 오동현 전 장관정책보좌관 32.8%), 중도층(29.9%, 26.4%), 보수층(13.5%, 17.6%) 모두 오차범위 내에 머물렀다. 정당 지지도별로 보면 국민의힘 지지층에서 김성제 시장이 61.9%로 가장 높았고 김진숙 부위원장 15.5%, 김태춘 전 정책관 8.1%로 나타났다. 민주당 지지층에서도 김성제 시장이 31.8%로 가장 높았으며 김진숙 6.6%과 김태춘 7.6%은 서로 오차범위 내에 머물렀다. 이념 성향별로 보면 진보층(김성제 34.1%, 김진숙 3.9%, 김태춘 7.0%), 중도층(43.5%, 10.5%, 8.2%), 보수층(54.7%, 15.6%, 6.9%) 모두에서 김성제 시장이 오차범위 밖 선두를 기록했다. 이번 조사는 경기일보 의뢰로 조원씨앤아이가 2026년 4월5~6일 2일간 경기도 의왕시 거주 18세 이상 남녀 대상으로 ARS 여론조사(휴대전화 가상번호 100%, 성, 연령대, 지역별 비례할당 무작위 추출)를 실시한 결과이며 표본수는 500명(총 통화 시도 6천366명·응답률 7.9%), 표본오차는 95% 신뢰수준에 ±4.4%포인트임. 그 밖의 사항은 중앙선거여론조사심의위원회 홈페이지 참조. ※가중치 부여 방식: 성별, 연령별, 지역별 가중값 부여(2026년 3월 말 행정안전부 발표 주민등록인구 기준) - dc official App"
,펜앤마-공정,-,0.0,-,0.0,0.0,https://gall.dcinside.com/mgallery/board/view/?id=minjudang&no=4980031&exception_mode=recommend&search_head=100&page=6,펜앤마-공정 : 서울시장,"펜앤마이크가 여론조사 전문기관 여론조사공정(주)에 의뢰해 지난 6일과 7일 이틀간 서울에 거주하는 만18세 이상 남녀 802명을 대상으로 구조화된 설문지를 이용한 무선 ARS 전화조사(100%)로 응답률은 전체 5.4%, 표본오차는 95% 신뢰수준에 ±3.5%p다. 성, 연령, 지역별 인구비례에 따른 할당 추출로 올해 3월말 행정안전부 주민등록인구통계 기준 국가 인구통계에 따른 성, 연령, 지역별 가중치가 부여됐다(림가중). 보다 자세한 사항은 중앙선거여론조사심의위원회 홈페이지를 참조하면 된다. - dc official App"
,KSOI,이재명,63.4,민주,50.6,12.8,https://gall.dcinside.com/mgallery/board/view/?id=minjudang&no=4978588&exception_mode=recommend&search_head=100&page=6,KSOI : 이재명 63.4% 민주 50.6% 국힘 23.2%,조사개요는 첨부된 사진에서 확인바람이상 자세한 사항은 중앙선거여론조사심의위원회 홈페이지 참고바람
,조원C&I,이재명,66.1,민주,54.3,11.8,https://gall.dcinside.com/mgallery/board/view/?id=minjudang&no=4978470&exception_mode=recommend&search_head=100&page=6,조원C&I : 이재명 66.1% 민주 54.3% 국힘 29.4%,"이번 조사는 스트레이트뉴스 의뢰로 조원씨앤아이가 2026년 4월 4~6일 3일간 전국 만 18세 이상 남녀 대상으로 ARS 여론조사(휴대전화 100% RDD 방식, 성, 연령대, 지역별 비례할당 무작위 추출)를 실시한 결과다. 표본수는 2000명(총 통화시도 5만3122명, 응답률 3.8%), 표본오차는 95% 신뢰수준에 ±2.2%포인트(p)다. 그 밖의 사항은 중앙선거여론조사심의위원회 홈페이지를 참조하면 된다. - dc official App"
제주 李 80%,코리아리서치,민주,63.0,국힘,18.0,45.0,https://gall.dcinside.com/mgallery/board/view/?id=minjudang&no=4974291&exception_mode=recommend&search_head=100&page=6,코리아리서치 : 제주 李 80% 민주 63% 국힘 18%,"이번 조사는 제주일보를 비롯해 제주MBC, 제주CBS, 제주의소리, 제주투데이 등 제주언론 5사가 여론조사 전문기관인 ㈜코리아리서치인터내셔널에 의뢰해 4월 4~5일 이틀간 제주도에 거주하는 18세 이상 남여 800명을 대상으로 실시됐다. 국내 통신 3사가 제공하는 휴대전화 가상(안심)번호 100%를 이용한 무선 전화면접조사로 진행됐다. 2026년 3월 말 행정안전부 주민등록인구통계를 기준으로 성·연령·권역으로 층화된 가상번호를 무작위 추출해 피조사자를 할당하고, 성·연령·지역별 가중값(셀 가중)을 부여했다. 응답률은 18.6%(총 4301명과 통화해 그 중 800명 응답 완료), 표본오차는 95% 신뢰수준에서 ±3.5%p다. 그 밖의 사항은 중앙선거여론조사심의위원회 홈페이지 참조."
전북도지사,미상,이원택,40.5,안호영,30.0,10.5,https://gall.dcinside.com/mgallery/board/view/?id=minjudang&no=4973384&exception_mode=recommend&search_head=100&page=6,전북도지사 이원택 40.5% 안호영 30%,"권역별로 보면 이원택 의원은 5권역(남원·임실·순창·완주·무주·진안·장수)을 제외한 전 권역에서 1위를 기록했다. 1권역(전주) 43.6%, 2권역(익산) 39.5%, 3권역(군산·김제·부안) 42.1%, 4권역(정읍·고창) 36.3%, 5권역 34.9%였다. 연령대별로 보면 이원택 의원은 70세 이상(29.9%)를 제외한 전 연령층(18~29세 43.8%, 30대 49.8%, 40대 37.2%, 50대 47.4%, 60대 39.5%)에서 1위에 올랐다. 안호영 전 위원장 18~29세 23.4%, 30대 25.1%, 40대 32.3%, 50대 27.5%, 60대 34.2%, 70세 이상 33.7%였다. 이번 여론조사는 인구비례에 따라 통신사로부터 받은 휴대전화 가상번호를 이용한 자동응답 조사(ARS) 방식으로 진행됐다. 올 3월 말 주민등록 인구통계를 기준으로 성·연령·지역별 비례 할당 후 무작위 추출로 표집했으며, 표본오차는 95% 신뢰수준에 최대 허용오차 ±3.1%p, 연결 대비 응답 비율은 13.2%였다. https://n.news.naver.com/article/421/0008872363?sid=162 [뉴스1전북 여론조사] 전북지사 적합도…이원택 40.5%, 안호영 30.0%6·3 지방선거를 2개월여 앞두고 실시한 전북지사 적합도 조사에서 이원택 더불어민주당 현 국회의원이 40.5%, 안호영 전 국회 기후에너지환경노동위원장이 30.0%의 지지를 받고 있는 것으로 나타났다. 뉴스1 전북취n.news.naver.com - dc official App"
경기 하남시,시그널앤펄스,민주,52.1,국힘,30.5,21.6,https://gall.dcinside.com/mgallery/board/view/?id=minjudang&no=4969205&exception_mode=recommend&search_head=100&page=6,"시그널앤펄스 : 경기 하남시 민주 52.1%, 국힘 30.5%",자세한 사항은 중앙선관위 여론조사심의위원회 홈페이지 참조-----------근데 가상대결이 없네;;
부산시장,에이스리서치,전재수,48.0,박형준,34.9,13.1,https://gall.dcinside.com/mgallery/board/view/?id=minjudang&no=4972359&exception_mode=recommend&search_head=100&page=6,"에이스리서치 : 부산시장, 전재수 48.0 vs 박형준 34.9",https://n.news.naver.com/article/082/0001374469?sid=100본 조사는 <부산일보> 의뢰로 (주)에이스리서치가 지난 3~4일 부산 지역 만 18세 이상 1004명을 대상으로 여론조사를 실시했다.사용된 피조사자 선정 방법은 통신 3사에서 제공 받은 무선 가상번호를 활용해 무선 자동응답(ARS) 조사로 진행했다.가중값 산출과 적용 방법은 지난 3월말 행정안전부 주민등록 인구통계 기준으로 셀가중을 부여했다.표본오차는 95% 신뢰수준에 ±3.1%포인트(P)다. 응답률은 7.0%로 기타 자세한 내용은 중앙선거여론조사심의위 홈페이지를 참고하면 된다.
,미상,-,0.0,-,0.0,0.0,https://gall.dcinside.com/mgallery/board/view/?id=minjudang&no=4973018&exception_mode=recommend&search_head=100&page=6,오늘자 여조꽃 조사,조사개요는 첨부된 사진에서 확인바람이상 자세한 사항은 중앙선거여론조사심의위원회 홈페이지 참고바람
,리얼미터,이재명,61.2,민주,49.9,11.3,https://gall.dcinside.com/mgallery/board/view/?id=minjudang&no=4972927&exception_mode=recommend&search_head=100&page=7,리얼미터 : 이재명 61.2% 민주 49.9% 국힘 31.3%,
강원도지사,에이스리서치,우상호,51.2,김진태,37.3,13.9,https://gall.dcinside.com/mgallery/board/view/?id=minjudang&no=4972924&exception_mode=recommend&search_head=100&page=7,에이스리서치 : 강원도지사 우상호 51.2% v 김진태 37.3%,"[2026 지방선거 강원도지사 여론조사 개요]■ 의뢰기관 : 강원일보■ 조사기관 : (주)에이스리서치■ 조사지역 및 대상 : 강원특별자치도에 거주하는 만18세 이상 남녀 1,006명■ 조사기간 : 2026년 4월3일~4월4일■ 표본구성 : 무선 전화 가상번호 100%■ 표본추출 : 성별/연령대별/권역별 인구 구성비에 따른 비례할당 추출■ 표본오차 : 95%신뢰수준에서 ±3.1%포인트■ 응답률 : 7.3%(총 2만9,898명 통화시도 중 통화성공 1만3,726명, 응답완료 1,006명)■ 조사방법 : 구조화된 설문지를 이용한 자동응답(ARS)■ 가중값 산출 및 적용 : 성별/연령대별/권역별 가중 부여(2026년 3월 행정안전부 주민등록인구 기준, 셀 기준)■ 자세한 사항은 중앙선거여론조사심의위원회 홈페이지 참조■권역별 구분- 춘천권 : 춘천시, 철원군, 화천군, 양구군- 원주권 : 원주시, 홍천군, 횡성군, 영월군, 평창군- 강릉·속초권 : 강릉시, 속초시, 인제군, 고성군, 양양군- 동해·삼척권 : 동해시, 태백시, 삼척시, 정선군"
대구 군위군 李 46.1%,리얼미터,국힘,77.2,민주,12.1,65.1,https://gall.dcinside.com/mgallery/board/view/?id=minjudang&no=4972423&exception_mode=recommend&search_head=100&page=7,리얼미터 : 대구 군위군 李 46.1% 국힘 77.2% 민주 12.1%,■대구시 군위군 지방선거 조사 개요 △의뢰: 영남일보 △조사기관: ㈜리얼미터 △조사 일시: 2026년 4월 2~3일(2일간) △대상: 대구시 군위군 지역에 거주하는 만 18세 이상 성인 남녀 552명 △조사방법: 구조화된 설문지를 이용한 자동응답(ARS) 조사 △피조사자 선정 방법: 무선 전화 가상번호(SKT·KT·LGU+ 이동통신사 제공 무선 가상번호) 100% △응답률: 27.2% △오차 보정 방법: 2026년 1월 말 행정안전부 주민등록 인구통계기준 림가중 방식으로 성별·연령대별·지역별 가중치 부여 △표본오차: 95% 신뢰수준에 ±4.2%포인트 △내용: 정당 지지도 및 군위군수 인물적합도 등 ※자세한 내용은 중앙선거여론조사심의위원회 홈페이지 참조.
부산,에이스리서치,이재명,57.2,-,0.0,57.2,https://gall.dcinside.com/mgallery/board/view/?id=minjudang&no=4972326&exception_mode=recommend&search_head=100&page=7,에이스리서치 : 부산 이재명 57.2%,"이재명 대통령의 직무수행에 대한 평가에서는 응답자의 57.2%가 ‘잘하고 있다’며 긍정적으로 평가했다. 이 가운데 ‘매우 잘하고 있다’는 42.9%, ‘다소 잘하고 있다’는 14.3%로 나타났다.‘잘 못한다’는 부정평가는 35.6%였으며, 세부적으로는 ‘다소 잘 못하고 있다’ 11%, ‘매우 잘 못하고 있다’ 24.5%였다. ‘잘 모르겠다’고 답한 비율은 7.2%였다.(중략)지지정당 별로는 더불어민주당 지지층의 95.9%가 긍정평가했고, 국민의힘 지지층은 15.9%만 ‘잘하고 있다’고 답변해 극명한 대조를 보였다. ‘지지하는 정당이 없다’고 답한 무당층에서는 47.1%가 긍정적으로, 32.6%가 부정적으로 평가했다.정치적 이념성향 별 긍정평가는 △보수 29.5% △중도 67.7% △진보 89.1% △기타 46.1%로 나타났다. 이번 지방선거에서 큰 변수로 작용할 수 있는 중도층의 긍정평가 비율이 높다는 점이 주목된다.본 여론조사는 〈부산일보〉 의뢰로 (주)에이스리서치가 지난 3~4일 부산 지역 만 18세 이상 1004명을 대상으로 실시했다. 통신 3사에서 제공 받은 무선 가상번호를 활용해 피조사자를 선정했고, 무선 자동응답(ARS) 방식으로 조사를 진행했다. 가중값 산출과 적용 방법은 지난 3월말 행정안전부 주민등록 인구통계 기준으로 셀가중을 부여했다. 표본오차는 95% 신뢰수준에 ±3.1%포인트(P)다. 응답률은 7.0%로 기타 자세한 내용은 중앙선거여론조사심의위 홈페이지를 참고하면 된다.https://n.news.naver.com/mnews/article/082/0001374471?sid=100 이 대통령 국정 지지율…20대 제외 모든 연령층서 “잘하고 있다” 50% 넘어 [6·3 지방선거 부산 여론조사] 이재명 대통령의 직무수행에 대한 평가에서는 응답자의 57.2%가 ‘잘하고 있다’며 긍정적으로 평가했다. 이 가운데 ‘매우 잘하고 있다’는 42.9%, ‘다소 잘하고 있다’는 14.3%로 나타났다. ‘잘 못한다’는 부n.news.naver.com"
,미상,전재수,48.0,전재수,48.0,0.0,https://gall.dcinside.com/mgallery/board/view/?id=minjudang&no=4972088&exception_mode=recommend&search_head=100&page=7,[부산광역시] 전재수 48 박형준 35 / 전재수 48 주진우 36,"본 여론조사는 〈부산일보〉 의뢰로 (주)에이스리서치가 지난 3~4일 부산 지역 만 18세 이상 1004명을 대상으로 실시했다. 통신 3사에서 제공 받은 무선 가상번호를 활용해 피조사자를 선정했고, 무선 자동응답(ARS) 방식으로 조사를 진행했다. 가중값 산출과 적용 방법은 지난 3월말 행정안전부 주민등록 인구통계 기준으로 셀가중을 부여했다. 표본오차는 95% 신뢰수준에 ±3.1%포인트(P)다. 응답률은 7.0%로 기타 자세한 내용은 중앙선거여론조사심의위 홈페이지를 참고하면 된다."
강원 원주시,비전코리아,민주,51.8,국힘,28.0,23.8,https://gall.dcinside.com/mgallery/board/view/?id=minjudang&no=4970795&exception_mode=recommend&search_head=100&page=7,비전코리아 : 강원 원주시 민주 51.8% 국힘 28%,여론조사개요는 첨부된 마지막 사진에서 확인바람이상 자세한 사항은 중앙선거여론조사심의위원회 홈페이지 참조
,에스티아이,-,0.0,-,0.0,0.0,https://gall.dcinside.com/mgallery/board/view/?id=minjudang&no=4970706&exception_mode=recommend&search_head=100&page=7,에스티아이 : 경기도지사 민주당 후보,"<오마이뉴스>가 여론조사기관 ㈜에스티아이에 의뢰해 지난 3~4일 이틀간 경기도 거주 만 18세 이상 남녀 1000명을 대상으로 실시한 조사 결과, 정당 지지도는 더불어민주당 53.7%, 국민의힘 27.8%, 조국혁신당 2.8%, 개혁신당 3.4%, 진보당 1.3%, 기타 정당 4.6%, 지지 정당 없음 5.7%, 잘 모름 0.6%로 집계됐다.이 가운데 민주당 경선 일반 국민 여론조사가 민주당 지지층과 무당층을 대상으로 진행된다는 점을 고려해, 이번 조사 역시 해당 층을 별도로 추려 민주당 후보 지지도를 물었다. 그 결과 추미애 후보가 41.5%로 가장 높았고, 김동연 후보 30.4%, 한준호 후보 20.6% 순으로 나타났다. '없음'은 5.7%, '잘 모름'은 1.9%였다.결선 가정하면 추미애 우세… '김동연-한준호' 구도에선 접전(중략)민주당 경선과 별도로, 국민의힘 지지층과 무당층을 대상으로 국민의힘 경기도지사 후보 적합도를 물은 결과에서는 김문수 후보가 56.2%로 가장 높았다. 이어 양향자 15.4%, 함진규 4.8% 순이었다. 기타는 13.6%, 없음은 8.3%, 잘 모름은 1.7%였다.이번 조사는 구조화된 설문지를 이용한 전화자동응답(ARS) 방식으로 진행됐으며, 휴대전화 가상번호 100%를 사용했다. 응답률은 6.5%다. 2026년 3월 말 행정안전부 주민등록 인구통계를 기준으로 성별·연령별·권역별 가중값(셀가중)을 부여했으며, 표본오차는 95% 신뢰수준에서 ±3.1%포인트다. 자세한 내용은 중앙선거여론조사심의위원회 누리집을 참조하면 된다."
,데일리안-KIR,-,0.0,-,0.0,0.0,https://gall.dcinside.com/mgallery/board/view/?id=minjudang&no=4969241&exception_mode=recommend&search_head=100&page=7,데일리안-KIR : 경기 안산갑,조사개요는 첨부된 사진에서 확인바람이상 자세한 사항은 중앙선거여론조사심의위원회 홈페이지 참고
민주당 지지층,미상,김동연,36.3,추미애,33.8,2.5,https://gall.dcinside.com/mgallery/board/view/?id=minjudang&no=4969144&exception_mode=recommend&search_head=100&page=7,"민주당 지지층, 김동연 36.3 추미애 33.8","지지 정당 별로는 더불어민주당 지지층에서 김동연 36.3%, 추미애 33.8%를 오차범위 내에서 앞섰다. 한준호는 18.5%였다. 지난 3월 16~17일 조사에서는 더불어민주당 지지층에서 김 지사가 32.7%, 추 위원장이 33.6%로 나타났는데, 이번 조사에서 오차범위 이내이지만 근소한 차이로 역전 현상이 벌어진 점이 주목된다.https://n.news.naver.com/mnews/article/002/0002435481?sid=100조사 개요모집단 : 경기도 거주 18세 이상 남녀표본크기 : 1000명표본오차 : ±3.1%포인트 (95% 신뢰수준)표집방법 : 2026년 3월 말 주민등록인구현황에 따라성별, 연령별, 지역별 비례할당 후 무작위추출조사방법 : 전화면접(CATI) 휴대전화 가상번호응답률 : 10.0%조사기간 : 2026년 4월 2~3일 (2일간)조사기관 : (주)조원씨앤아이 / (주)리서치앤리서치"
부산시장,이너텍,전재수,51.3,박형준,36.4,14.9,https://gall.dcinside.com/mgallery/board/view/?id=minjudang&no=4969111&exception_mode=recommend&search_head=100&page=7,이너텍 : 부산시장 전재수 51.3% vs 박형준 36.4%,"아이뉴스24 의뢰로 (주)이너텍시스템즈가 지난 2일과 3일 양일간 실시한 여론조사에 따르면 부산시장 다자대결에서 전 의원은 41.7%의 지지율을 얻으면서 단독 선두로 나섰다.현역인 박형준 부산시장(국민의힘)은 20.1%로 2위를 차지했다. 이어 주진우 국민의힘 국회의원(19.5%), 이재성 전 더불어민주당 부산시당위원장(6.6%) 순으로 나타났다.아직 후보를 결정하지 못한 기타인물(3.3%), 적합인물 없음(4.5%), 잘모름(4.2%) 등 유보층도 12%에 육박하는 것으로 나타났다.전 의원은 야당 후보와의 일대 일 가상대결에서도 우세함을 보였다. 박형준 부산시장과의 양자대결에선 전 의원(51.3%)이 박 시장(36.4%)을 14.9%p 차이로 따돌렸다.전 의원과 주진우 국민의힘 후보의 양자대결에서 전 의원은 51.0%로, 주 의원(35.7%)에 비해 15.3%p 앞섰다.각 당의 후보 적합도 조사에서는 더불어민주당에선 전재수 의원이 48.8%로, 이재성 전 시당위원장(12.6%)을 36.2%p 차이로 앞섰다.반면 국민의힘에서는 박형준 부산시장과 주진우 국회의원이 각각 28.7%, 24.8%로 3.9%차이의 박빙으로 나타났다.특히 기타인물(11.1%), 적합인물 없음(26.5%), 잘모름(9.0%)로 유동층이 46.6%에 달해 경선 막판까지 치열한 표심 쟁탈전이 벌어질 것으로 보인다.(중략)실제 이번 조사에서 박형준 시장의 시정에 대한 평가에 대해 40.6%의 응답자가 부정적(잘못하는 편 17.8%, 매우 잘못함 22.8%)으로 인식하는 것으로 조사됐다.반면 긍정적(매우잘함 14.3%, 잘하는 편 16.5%)인 응답은 30.8%에 불과했다. 이 외에 보통이다가 22.6%, 잘모름이 6.0%로 집계됐다.정당지지도에서는 더불어민주당이 45.6%로 1위를 차지했고, 뒤이어 국민의힘 38.8%, 조국혁신당 1.5%, 개혁신당 1.4%, 진보당 1.4%로 집계됐다.또 유동층으로 분류되는 지지정당 없음과 기타정당, 잘모름 응답은 각각 8.7%, 1.8%, 0.9%로 조사됐다.이번 조사는 부산에 거주하는 만 18세 이상 성인 남녀 1005명을 대상으로 ARS 여론조사시스템을 이용한 전화조사 방식(무선 가상번호 100%)으로 진행됐다. 표본오차는 95% 신뢰수준에서 ±3.1%포인트이며, 응답률은 6.7%로 나타났다. 자세한 사항은 중앙선거여론조사심의위원회 홈페이지를 참조하면 된다.https://n.news.naver.com/mnews/article/031/0001019645?sid=102 [부산시장 여론조사] 전재수 41.7%…2위 박형준과 '더블스코어'6·3 지방선거의 최대 승부처로 꼽히는 부산시장 선거 여론조사에서 전재수 더불어민주당 국회의원이 오차범위 밖으로 1위를 기록한 것으로 나타났다. 아이뉴스24 의뢰로 (주)이너텍시스템즈가 지난 2일과 3일 양일간 실시n.news.naver.com"
대전 중구,데일리리서치,민주,56.4,국힘,27.8,28.6,https://gall.dcinside.com/mgallery/board/view/?id=minjudang&no=4966394&exception_mode=recommend&search_head=100&page=7,데일리리서치 : 대전 중구 민주 56.4% 국힘 27.8%,"특히 민주당 지지층으로 한정할 경우 김제선 청장에 대한 적합도는 41.6%까지 상승하며 현직 프리미엄과 당내 결집력을 과시했다. 국민의힘 지지층에서도 김경훈(25.7%), 김연수(22.9%), 이동한(22.0%) 후보가 오차범위 내에서 1위 자리를 두고 다투고 있다. 이번 조사는 뉴스티앤티 의뢰로 (주)데일리리서치가 3월 27일부터 28일까지 이틀간 대전광역시 중구에 거주하는 만 18세 이상 남녀 502명을 대상으로 실시했다. 조사방법은 통신사 제공 휴대전화 가상번호(100%)를 이용한 ARS 전화조사 방식으로 진행했으며, 가중값은 2026년 2월 말 행정안전부 주민등록 인구통계 기준 성별, 연령별, 지역별 가중치를 부여(셀가중)했다. 응답률은 6.9%, 표본오차는 95% 신뢰수준에 ±4.4%p다. 자세한 내용은 중앙선거여론조사심의위원회 홈페이지를 참조하면 된다. - dc official App"
,한국갤럽,이재명,67.0,민주,48.0,19.0,https://gall.dcinside.com/mgallery/board/view/?id=minjudang&no=4966165&exception_mode=recommend&search_head=100&page=7,한국갤럽 : 이재명 67% 민주 48% 국힘 18%,"조사 개요 - 조사기간: 2026년 3월 31일~4월 2일 - 표본추출: 이동통신 3사 제공 무선전화 가상번호 무작위 추출 - 응답방식: 전화조사원 인터뷰(CATI) - 조사대상: 전국 만 18세 이상 1,001명 - 표본오차: ±3.1%포인트(95% 신뢰수준) – 주요 지표 표준오차·신뢰구간·상대표준오차 제시 - 접촉률: 43.0%(전체 투입 유효 번호 대비 통화 연결) - 응답률: 12.3%(총통화 8,155명 중 1,001명 응답 완료) - 의뢰처: 한국갤럽 자체 조사 이상 자세한 사항은 중앙선거여론조사심의위원회 홈페이지 참고 - dc official App"
,여조꽃,-,0.0,-,0.0,0.0,https://gall.dcinside.com/mgallery/board/view/?id=minjudang&no=4965999&exception_mode=recommend&search_head=100&page=7,여조꽃 : 서울,여론조사개요는 첨부된 마지막 사진 확인바람이상 자세한 사항은 중앙선거여론조사심의위원회 홈페이지 참조
,한길,추,41.4,김,28.0,13.4,https://gall.dcinside.com/mgallery/board/view/?id=minjudang&no=4965518&exception_mode=recommend&search_head=100&page=7,한길: 추41.4%·김28.0%·한21.6%,"이번 조사는 인천일보가 ㈜한길리서치에 의뢰해 3월 30일부터 4월 1일까지 3일간 경기도에 거주하는 만 18세 이상 남녀 1003명을 대상으로 진행했다. 무선전화 가상번호를 통한 자동응답(ARS) 방식 100%이며, 응답률은 5.2%다. 2026년 2월 말 행정안전부 주민등록 인구 기준으로 성별·연령별·지역별 가중값을 부여했다. 표본오차는 95% 신뢰수준에서 ±3.1%p다. 자세한 내용은 중앙선거여론조사심의위원회 누리집 참조.출처 : 인천일보(https://www.incheonilbo.com)치열하구만"
,미상,-,0.0,-,0.0,0.0,https://gall.dcinside.com/mgallery/board/view/?id=minjudang&no=4965445&exception_mode=recommend&search_head=100&page=7,ㅋㅋ,너네가 도대체 누군데
전북 군산·김제·부안갑,코리아리서치,김의겸,48.0,조국,28.0,20.0,https://gall.dcinside.com/mgallery/board/view/?id=minjudang&no=4965321&exception_mode=recommend&search_head=100&page=7,코리아리서치 : 전북 군산·김제·부안갑 김의겸 48% 조국 28%,여론조사개요는 첨부된 마지막 사진 확인바람이상 자세한 사항은 중앙선거여론조사심의위원회 홈페이지 참조
서울,윈지,민주,50.1,국힘,25.4,24.7,https://gall.dcinside.com/mgallery/board/view/?id=minjudang&no=4964745&exception_mode=recommend&search_head=100&page=7,윈지 : 서울 민주 50.1% 국힘 25.4%,"조사의뢰자 : 조사기관 자체(윈지코리아컨설팅)선거여론조사기관 : 윈지코리아컨설팅조사지역 : 서울특별시조사일시 : 2026년 03월 31일(화) ~ 04월 01일(수)조사대상 : 서울특별시 거주 만 18세 이상 남녀조사방법 : 구조화된 설문지를 이용한 ARS 전화 조사 (무선 100%)표본 크기 : 1,001명피조사자 선정 방법 : 휴대전화 가상번호(SKT 15,000개, KT 9,000개, LGU+ 5,996개)로부터 무작위 추출, 통신사로부터 제공 받아 사용​응답률 : 5.4% (접촉률 62.8%)표본오차 : 95% 신뢰수준에서 ±3.1%p질문내용 : 제9회 전국동시지방선거 서울특별시 선거 관련 질문자세한 결과는 중앙선거여론조사심의위원회 홈페이지에서도 확인하실 수 있습니다"
,리서치뷰,이재명,60.9,민주,48.8,12.1,https://gall.dcinside.com/mgallery/board/view/?id=minjudang&no=4963789&exception_mode=recommend&search_head=100&page=7,리서치뷰 : 이재명 60.9% 민주 48.8% 국힘 27.4%,"■ 조사개요 O 이 조사는 여론조사전문기관 <리서치뷰(대표 : 안일원)>가 3월 30일부터 31일까지 이틀간 전국 만 18세 이상 휴대전화 가입자 1,000명(RDD 휴대전화 : 100%)을 대상으로 ARS 자동응답시스템으로 진행했다. O 통계보정은 2025년 12월말 현재 주민등록인구통계에 따라 성‧연령‧지역별 가중치를 부여했고(림가중), 표본오차는 95% 신뢰수준에 ±3.1%p, 응답률은 3.6%다. 자세한 내용은 <리서치뷰> 블로그와 <중앙선거여론조사심의위원회> 홈페이지에서 확인할 수 있다. - dc official App"
,KIR,이재명,61.3,민주,48.6,12.7,https://gall.dcinside.com/mgallery/board/view/?id=minjudang&no=4963661&exception_mode=recommend&search_head=100&page=7,KIR : 이재명 61.3% 민주 48.6% 국힘 29.3%,조사개요는 첨부된 그래픽에 적혀있음 이상 자세한 사항은 중앙선거여론조사심의위원회 홈페이지 참고 - dc official App
오세훈,미상,부정,49.0,부정,43.9,5.1,https://gall.dcinside.com/mgallery/board/view/?id=minjudang&no=4962751&exception_mode=recommend&search_head=100&page=7,오세훈 긍정 28.6 부정 49 / 박형준 긍정 30.6 부정 43.9,
북구갑,미디어토마토,전재수,53.4,박형준,26.1,27.3,https://gall.dcinside.com/mgallery/board/view/?id=minjudang&no=4962337&exception_mode=recommend&search_head=100&page=7,"미디어토마토: 북구갑 , 전재수53.4% 박형준 26.1%",70세이상 전재수 43.5% 박형준 35.1%중도층전재수 55.2% 박형준 23%70대이상 전재수 45.9% 주진우 28.2%중도층전재수 56.5% 주진우 26.8%
서울시장 지지율,미상,동일기관,1.0,-,0.0,1.0,https://gall.dcinside.com/mgallery/board/view/?id=minjudang&no=4961679&exception_mode=recommend&search_head=100&page=7,서울시장 지지율 동일기관 1월 조사와 비교.jpg,1월4월
부산시장,R&R,전재수,43.7,박형준,27.1,16.6,https://gall.dcinside.com/mgallery/board/view/?id=minjudang&no=4961206&exception_mode=recommend&search_head=100&page=7,R&R : 부산시장 전재수 43.7% v 박형준 27.1%,"동아일보가 여론조사 전문기관 리서치앤리서치에 의뢰해 3월 29~30일 서울에 거주하는 만 18세 이상 성인 남녀 802명을 대상으로 조사. 무선 전화면접(100%) 방식으로 휴대전화 가상번호를 표본으로 실시. 표본오차는 95% 신뢰수준에 ±3.5%포인트, 응답률은 8.6%. 동아일보가 여론조사 전문기관 리서치앤리서치에 의뢰해 3월 28~29일 부산에 거주하는 만 18세 이상 성인 남녀 804명을 대상으로 조사. 무선 전화면접(100%) 방식으로 휴대전화 가상번호를 표본으로 실시. 표본오차는 95% 신뢰수준에 ±3.5%포인트, 응답률은 9.7%. 이상 자세한 사항은 중앙선거여론조사심의위원회 홈페이지 참고 - dc official App"
서울시장,R&R,정원오,42.6,오세훈,28.0,14.6,https://gall.dcinside.com/mgallery/board/view/?id=minjudang&no=4961204&exception_mode=recommend&search_head=100&page=7,R&R : 서울시장 정원오 42.6% v 오세훈 28%,"동아일보가 여론조사 전문기관 리서치앤리서치에 의뢰해 3월 29~30일 서울에 거주하는 만 18세 이상 성인 남녀 802명을 대상으로 조사. 무선 전화면접(100%) 방식으로 휴대전화 가상번호를 표본으로 실시. 표본오차는 95% 신뢰수준에 ±3.5%포인트, 응답률은 8.6%. 동아일보가 여론조사 전문기관 리서치앤리서치에 의뢰해 3월 28~29일 부산에 거주하는 만 18세 이상 성인 남녀 804명을 대상으로 조사. 무선 전화면접(100%) 방식으로 휴대전화 가상번호를 표본으로 실시. 표본오차는 95% 신뢰수준에 ±3.5%포인트, 응답률은 9.7%. 이상 자세한 사항은 중앙선거여론조사심의위원회 홈페이지 참고 - dc official App"
,미상,-,0.0,-,0.0,0.0,https://gall.dcinside.com/mgallery/board/view/?id=minjudang&no=4959691&exception_mode=recommend&search_head=100&page=7,대구에서 유일하게 국힘이 김부겸 이기는 여론조사,놀랍게도 이진숙과 김부겸 양자대결일 때
강원도지사,공정,우상호,49.4,김진태,38.9,10.5,https://gall.dcinside.com/mgallery/board/view/?id=minjudang&no=4958216&exception_mode=recommend&search_head=100&page=7,공정 : 강원도지사 우상호 49.4% v 김진태 38.9%,여론조사개요는 첨부된 사진에서 확인바람이상 자세한 사항은 중앙선거여론조사심의위원회 홈페이지 참조
,토마토,-,0.0,-,0.0,0.0,https://gall.dcinside.com/mgallery/board/view/?id=minjudang&no=4958078&exception_mode=recommend&search_head=100&page=7,토마토 : 부산 북구갑,"이번 조사는 미디어토마토가 뉴스토마토 의뢰로 지난 28일부터 29일까지 이틀간 만 18세 이상 부산 북구갑 선거구 거주 성인남녀 700명을 대상으로 실시됐으며, 표본오차는 95% 신뢰수준에 ±3.7%포인트입니다. 휴대전화 가상번호(안심번호)를 활용한 무선 ARS(자동응답) 방식으로 진행됐으며, 응답률은 7.8%로 집계됐습니다. 공정성 확보와 인물별 경쟁력을 점검키 위해 문항에서 직책은 뺀 채 순수한 이름만으로 물었습니다. 2026년 2월 말 행정안전부 주민등록 인구를 기준으로 성별·연령별·지역별 가중값을 산출했고 셀가중을 적용했습니다. 그 밖의 자세한 조사 개요와 결과는 중앙선거여론조사심의위원회 홈페이지를 참조하면 됩니다."
대구시장,리얼미터,김부겸,52.3,추경호,36.6,15.7,https://gall.dcinside.com/mgallery/board/view/?id=minjudang&no=4956900&exception_mode=recommend&search_head=100&page=7,리얼미터 : 대구시장 김부겸 52.3% v 추경호 36.6%,여론조사개요는 첨부된 마지막 사진 확인바람이상 자세한 사항은 중앙선거여론조사심의위원회 홈페이지 참조p.s 이전에 공표된 리얼미터 대구 여조랑 다른 여조임.이전에 공표된 리얼미터 대구 여조는 영남일보 의뢰여조이고 이건 tbc 의뢰 여조임
인천 강화군,데일리리서치,민주,47.4,국힘,37.1,10.3,https://gall.dcinside.com/mgallery/board/view/?id=minjudang&no=4955538&exception_mode=recommend&search_head=100&page=7,데일리리서치 : 인천 강화군 민주 47.4% 국힘 37.1%,"이재명 대통령의 국정평가에서는 긍정 60.8%(매우잘하고 있다 41.2%, 잘하고 있는 편이다 19.3%), 부정 28.9%(잘못하고 있는 편이다 15.2%, 아주 잘못하고 있다 13.7%), 잘모름 10.5%로 나타났다. 이번 조사는 경인열린신문사 의뢰로 ㈜데일리리서치에서 3월28일 하루 동안 인천광역시 강화군에 거주하는 만18세 이상 남녀 500명을 대상으로 실시하였다. 조사방법은 무선자동응답 ARS조사. 피조사자 선정방법은 통신사 제공 휴대전화 가상번호 100%이며, 최종 응답률은 9.0%, 표본오차는 95% 신뢰 수준에서 ±4.4%p이다. 2026년 2월말 행정안전부 주민등록 인구통계 기준 성별, 연령별, 지역별 가중값 부여(셀가중)하였으며, 자세한 조사개요와 결과는 중앙선거관리위원회여론조사심의위원회 홈페이지를 참고하면 된다.<김기헌 대표기자> - dc official App"
대전,리얼미터,민주,53.6,국힘,24.0,29.6,https://gall.dcinside.com/mgallery/board/view/?id=minjudang&no=4955211&exception_mode=recommend&search_head=100&page=7,리얼미터 : 대전 민주 53.6% 국힘 24%,"조사개요이번 여론조사는 <굿모닝충청>이 (주)리얼미터에 의뢰해 대전시 만 18세 이상 남녀 804명을 대상으로 지난 3월 26일부터 3월 27일까지 실시됐다.조사방법은 구조화된 설문지를 이용한 자동응답(ARS) 전화 조사(무선 100%)이며, 표본추출은 성별·연령대별·지역별·인구비례 할당추출(가상번호 100%) 방식을 적용했다. 가중값 산출 및 적용은 2026년 2월 말 행정안전부 주민등록인구통계를 활용, 성별·연령대별·지역별 가중치를 부여했다. 응답률은 6.5%이고 표본오차는 95% 신뢰수준에 ±3.5%포인트다. 기타 자세한 사항은 중앙선거여론조사심의위원회 홈페이지를 참조하면 된다."
,미상,-,0.0,-,0.0,0.0,https://gall.dcinside.com/mgallery/board/view/?id=minjudang&no=4955021&exception_mode=recommend&search_head=100&page=7,오늘자 여조꽃 정례조사,여론조사개요는 첨부된 마지막 사진 확인바람이상 자세한 사항은 중앙선거여론조사심의위원회 홈페이지 참조
부산 李 54.8%,토마토,민주,41.5,국힘,36.4,5.1,https://gall.dcinside.com/mgallery/board/view/?id=minjudang&no=4954903&exception_mode=recommend&search_head=100&page=7,토마토 : 부산 李 54.8% 민주 41.5% 국힘 36.4%,"이는 부산CBS가 (주)미디어토마토에 의뢰해 27~28일 부산지역 유권자 1천명을 대상으로 차기 부산시교육감 선거 관련 여론조사를 실시한 결과 나타났다.조사 결과 김석준 현 부산시교육감이 27.6%의 지지율을 기록하며 다른 후보들을 월등히 앞서 갔다. 전호환 전 부산대학교 총장은 10.0%, 정승윤 전 국민권익위원회 부위원장이 8.6%, 최윤홍 전 부산시교육청 부교육감은 6.9%로 오차범위 내 접전이었다.지지 후보가 없다는 응답은 23.8%, 잘 모르겠다는 응답도 18.9%를 기록해 43%에 가까운 유권자가 아직 지지 후보를 결정하지 못했다. 4명 외의 다른 인물 지지율도 4.1%를 보였다.이번 조사는 부산에 거주하는 만 18세 이상 남녀 1천명을 대상으로 무선ARS 방식으로 실시됐다. 표본오차는 95% 신뢰수준에서 ±3.1%P다. 자세한 사항은 중앙선거여론조사 심의위원회 홈페이지를 참고하면 된다.(교육감 여조라서 시장 관련 질문은 질문지에 없음)"
,리얼미터,이재명,62.2,민주,51.1,11.1,https://gall.dcinside.com/mgallery/board/view/?id=minjudang&no=4954900&exception_mode=recommend&search_head=100&page=7,리얼미터 : 이재명 62.2% 민주 51.1% 국힘 30.6%,
,한국갤럽,이재명,65.0,민주,46.0,19.0,https://gall.dcinside.com/mgallery/board/view/?id=minjudang&no=4947264&exception_mode=recommend&search_head=100&page=7,한국갤럽 : 이재명 65% 민주 46% 국힘 19%,"조사 개요- 조사기간: 2026년 3월 24~26일- 표본추출: 이동통신 3사 제공 무선전화 가상번호 무작위 추출- 응답방식: 전화조사원 인터뷰(CATI)- 조사대상: 전국 만 18세 이상 1,000명- 표본오차: ±3.1%포인트(95% 신뢰수준) – 주요 지표 표준오차·신뢰구간·상대표준오차 제시- 접촉률: 41.2%(전체 투입 유효 번호 대비 통화 연결)- 응답률: 12.6%(총통화 7,917명 중 1,000명 응답 완료)- 의뢰처: 한국갤럽 자체 조사이상 자세한 사항은 중앙선거여론조사심의위원회 홈페이지 참조"
,여조꽃,-,0.0,-,0.0,0.0,https://gall.dcinside.com/mgallery/board/view/?id=minjudang&no=4947044&exception_mode=recommend&search_head=100&page=7,여조꽃 : 충남,여론조사개요는 첨부된 마지막 사진 확인바람이상 자세한 사항은 중앙선거여론조사심의위원회 홈페이지 참조
,여조꽃,-,0.0,-,0.0,0.0,https://gall.dcinside.com/mgallery/board/view/?id=minjudang&no=4947035&exception_mode=recommend&search_head=100&page=7,여조꽃 : 대구,여론조사개요는 첨부된 마지막 사진 확인바람이상 자세한 사항은 중앙선거여론조사심의위원회 홈페이지 참조
,조원씨엔아이,-,0.0,-,0.0,0.0,https://gall.dcinside.com/mgallery/board/view/?id=minjudang&no=4946182&exception_mode=recommend&search_head=100&page=7,조원씨엔아이 : 부산광역시 지방선거 여론조사,자세한 사항은 중앙여론조사심의위 홈페이지를 참고하세요 자세한 결과지는 아직 안올라와있고 내일 5시에 나온다합니다 교육감 조사 등 내용이 더 많은데 그건 스트레이트뉴스 홈페이지 가서 보심 됩니다 (다운로드하기 귀찮음)
제주,한국리서치,이재명,81.0,-,0.0,81.0,https://gall.dcinside.com/mgallery/board/view/?id=minjudang&no=4945946&exception_mode=recommend&search_head=100&page=7,한국리서치 : 제주 이재명 81%,여론조사개요는 첨부된 마지막 사진 확인바람이상 자세한 사항은 중앙선거여론조사심의위원회 홈페이지 참조
,NBS,이재명,69.0,민주,46.0,23.0,https://gall.dcinside.com/mgallery/board/view/?id=minjudang&no=4944527&exception_mode=recommend&search_head=100&page=7,NBS : 이재명 69% 민주 46% 국힘 18%,"조사개요조사지역: 전국조사기간: 2026년 3월 23일 ~ 3월 25일(3일간)조사대상(모집단): 만 18세 이상 남녀조사방법: 국내 통신 3사가 제공하는 휴대전화 가상번호(100%)를 이용한 전화면접조사표본추출: 성·연령·지역별 층화확률추출표본크기: 1,002명(가중값 적용 후 1,002명)피조사자 선정방법: 성·연령·지역으로 층화된 가상번호 내 무작위 추출응답률: 21.3% (총 4,694명과 통화하여 그 중 1,002명 응답 완료)접촉률: 26.9%가중치 산출 및 적용: 성･연령･지역별 가중치 부여(셀가중)2026년 2월말 행정안전부 주민등록인구 통계 기준표본오차: 95% 신뢰수준에서 ± 3.1% point조사기관: 엠브레인퍼블릭ㆍ케이스탯리서치ㆍ코리아리서치ㆍ한국리서치자세한 결과 및 조사개요는 중앙선거여론조사심의위원회 홈페이지 참고"
"서울시장 가상대결 """,미상,정원오,55.8,오세훈,32.4,23.4,https://gall.dcinside.com/mgallery/board/view/?id=minjudang&no=4884770&exception_mode=recommend&search_head=100&page=7,"서울시장 가상대결 ""정원오 55.8% vs 오세훈 32.4%""",여론조사 주요 내용 (조원씨앤아이 - 3월 4일 발표)조사 기관: 조원씨앤아이 (스트레이트뉴스 의뢰)조사 기간: 2026년 2월 28일 ~ 3월 1일 (서울시 거주 18세 이상 남녀 804명 대상)결과: 정원오(55.8%) vs 오세훈(32.4%)격차: 정원오 구청장이 23.4%포인트 차로 오세훈 시장을 앞섬
,KSOI,이재명,62.2,민주,46.8,15.4,https://gall.dcinside.com/mgallery/board/view/?id=minjudang&no=4940916&exception_mode=recommend&search_head=100&page=7,KSOI : 이재명 62.2% 민주 46.8% 국힘 27.1%,여론조사개요는 첨부된 사진에서 확인바람 이상 자세한 사항은 중앙선거여론조사심의위원회 홈페이지 참조 - dc official App
경남양산 민주,kopra,김일권,36.7,나동연,33.3,3.4,https://gall.dcinside.com/mgallery/board/view/?id=minjudang&no=4940705&exception_mode=recommend&search_head=100&page=7,"kopra:경남양산, 민주 김일권 36.7% 국힘 나동연 33.3%",●가상대결 1●가상대결 2● 양산 경남지사 지지율
대구시장,리얼미터,김부겸,47.0,이진숙,40.4,6.6,https://gall.dcinside.com/mgallery/board/view/?id=minjudang&no=4939985&exception_mode=recommend&search_head=100&page=7,리얼미터 : 대구시장 김부겸 47% vs 이진숙 40.4%,■대구시 지방선거 조사 개요 △의뢰: 영남일보 △조사기관: ㈜리얼미터 △조사 일시: 2026년 3월 22~23일(2일간) △대상: 대구 지역에 거주하는 만 18세 이상 성인 남녀 812명 △조사방법: 구조화된 설문지를 이용한 자동응답(ARS) 조사 △피조사자 선정 방법: 무선 전화 가상번호(SKT·KT·LGU+ 이동통신사 제공 무선 가상번호) 100% △응답률: 7.2% △오차 보정 방법: 2026년 1월 말 행정안전부 주민등록 인구통계기준 림가중 방식으로 성별·연령대별·지역별 가중치 부여 △표본오차: 95% 신뢰수준에 ±3.4%포인트 △내용: 정당 지지도 및 대구시장 여야 후보 지지도·인물적합도·가상대결 등 ※자세한 내용은 중앙선거여론조사심의위원회 홈페이지 참조. - dc official App
,조원C&I,이재명,62.9,민주,50.6,12.3,https://gall.dcinside.com/mgallery/board/view/?id=minjudang&no=4940583&exception_mode=recommend&search_head=100&page=7,조원C&I : 이재명 62.9% 민주 50.6% 국힘 33.3%,"이번 조사는 스트레이트뉴스 의뢰로 조원씨앤아이가 지난 21~23일 3일간 전국 만 18세 이상 남녀 대상으로 ARS 여론조사(휴대전화 100% RDD 방식, 성, 연령대, 지역별 비례할당 무작위 추출)를 실시한 결과다. 표본수는 2000명(총 통화시도 4만9743명, 응답률 4.0%), 표본오차는 95% 신뢰수준에 ±2.2%포인트(p)다. 자세한 사항은 중앙선거여론조사심의위원회 홈페이지를 참조하면 된다. - dc official App"
,미상,-,0.0,-,0.0,0.0,https://gall.dcinside.com/mgallery/board/view/?id=minjudang&no=4940026&exception_mode=recommend&search_head=100&page=7,이거 보면 타 국힘후보 지지층 미드오픈 같긴 함,국힘 후보 다 합하면 50이 훨씬 넘는데 아마 가상대결 질문에서 자기가 원하는 국힘후보 안 나오면 일부러 김부겸 찍거나 없모무로 간 거인듯
,에브리리서치,이재명,60.8,민주,45.8,15.0,https://gall.dcinside.com/mgallery/board/view/?id=minjudang&no=4938998&exception_mode=recommend&search_head=100&page=7,에브리리서치 : 이재명 60.8% 민주 45.8% 국힘 26.1%,"본 여론조사는 ㈜에브리뉴스, 미디어로컬(사단법인 한국지역언론인클럽) 공동 의뢰로 2026년 3월 20~21일(양일간) 여론조사 전문기관 (주)에브리리서치에서 실시하였으며, 전국 만 18세 이상 남녀 1,000명을 대상으로 RDD를 활용한 무선 100% ARS 전화조사 방식으로 진행됐다. 응답률은 2.7%, 표본오차는 95% 신뢰수준에서 ±3.1%p다. 자세한 사항은 중앙선거여론조사심의위원회 홈페이지를 참조하면 된다."
,비전코리아,이재명,62.5,민주,52.7,9.8,https://gall.dcinside.com/mgallery/board/view/?id=minjudang&no=4938884&exception_mode=recommend&search_head=100&page=7,비전코리아 : 이재명 62.5% 민주 52.7% 국힘 31.5%,"대통령 국정운영 평가···긍정평가 62.5%(2.3%p↑) 부1정평가 30.8%(5%p↓)조사기관 비전코리아가 3월 19일에서 20일까지 이틀간 실시하여 21일 발표한 「대통령 국정운영 평가」조사에서 '매우 잘한다'와 '잘하는 편이다'를 합한 「긍정평가」는 62.5%이며, '잘못하는 편이다'와 '매우 잘못한다'를 합한 「부1정평가」는 30.8%로 나왔다.「매우 잘한다」는 46.9%, 「매우 잘못한다」는 2.6%p 떨어진 23.4%, 「잘하는 편이다」는 2.3%p 오른 15.6%, 「잘못하는 편이다」는 2.4%p 떨어진 7.4%로 응답되었으며, 「잘 모름」6.8%로 나타났다.정당지지도···더불어민주당 52.7%(2.7%p↑) 국민의힘 31.5%(2.8%p↓) 조국혁신당 3.4%(0.8%p↑)조사기관 비전코리아가 3월 19일에서 20일까지 이틀간 실시하여 21일 발표한 「정당지지도」를 묻는 조사에서 「더불어민주당」은 직전 조사 대비 2.7%p 오른 52.7%로 1위를, 「국민의힘」은 2.8%p 떨어진 31.5%로 2위를, 「조국혁신당」은 0.8%p 오른 3.4%로 3위를, 「개혁신당」은 2.2%로 4위를, 「진보당」은 0.2%p 오른 1.1%로 5위를 하는 것으로 기록되었다.한편 「지지정당 없음」7%,「그 외 정당」1.6%,「잘 모름」0.5%로 나타났다.조사개요이 여론조사는 조사기관 비전코리아가 언론사 포털신문,올리서치 의뢰로 3월 19일에서 3월 20일까지 이틀간 휴대전화 100%에서 무작위로 추출한 전국 만 18세 이상 남 녀 1,334명을 대상으로 100% ARS 방식 응답률 3.6%로 집계된 조사이며, 표본오차는 95% 신뢰수준에 ±2.7%포인트로 가중값 산출 및 적용방법은 2월 말 행정안전부 주민등록 인구통계 기준 연령별 성별 권역별 가중치 부여 방식으로 이뤄졌다.한편 직전 조사는 조사기관 비전코리아가 언론사 포털신문/올리서치 의뢰로 2월 28일 하루동안 휴대전화 100%에서 무작위로 추출한 전국 만 18세 이상 남 녀 1,012명을 대상으로 100% ARS 방식 응답률 3%로 집계된 조사이며, 표본오차는 95% 신뢰수준에 ±3.1%포인트로 가중값 산출 및 적용방법은 1월 말 행정안전부 주민등록 인구통계 기준 연령별 성별 권역별 가중치 부여 방식으로 이뤄졌다.기사에 인용된 여론조사에 대한 자세한 내용은 중앙선거여론조사심의위원회 홈페이지와 올리서치-비전코리아(www.AllResearch.kr)사이트를 참고하면 된다."
강원 강릉시,KIR,민주,47.0,국힘,40.0,7.0,https://gall.dcinside.com/mgallery/board/view/?id=minjudang&no=4936214&exception_mode=recommend&search_head=100&page=7,KIR : 강원 강릉시 민주 47% 국힘 40%,"특히 민주당 지지층만을 대상으로 했을 때는 김중남 후보가 50.8%로 김한근 후보(40.5%)를 10%포인트 이상 앞서는 결과가 나와 당심과 민심의 미세한 차이를 드러냈다.국민의힘 지지층 내부에서는 김홍규 후보가 26.4%, 권혁열 후보가 22.0%의 지지를 얻으며 선두권을 형성했고, 심영섭 후보가 18.9%로 뒤를 이었다.이번 조사는 뉴시스 강원본부 의뢰로 코리아정보리서치에서 3월 19·20일 이틀간 강릉시 거주 만 18세 이상 남녀 500명을 대상으로, 무선전화 가상번호(80%)와 유선전화 RDD(20%)를 이용해 자동응답 방식으로 진행됐다. 응답률은 전체 4.7%(무선전화 8.2%, 유선전화 1.8%)이며, 표본오차는 95%의 신뢰수준에 ±4.4%p다. 통계보정은 2026년 2월 말 행정안전부 발표 주민등록 인구 기준 성, 연령, 지역별 셀가중값을 부여했다. 보다 자세한 내용은 중앙선거여론조사심의위원회 홈페이지를 참고하면 된다."
,여조꽃,-,0.0,-,0.0,0.0,https://gall.dcinside.com/mgallery/board/view/?id=minjudang&no=4935304&exception_mode=recommend&search_head=100&page=7,여조꽃 : 경남,여론조사개요는 첨부된 마지막 사진 확인바람이상 자세한 사항은 중앙선거여론조사심의위원회 홈페이지 참조
,여조꽃,-,0.0,-,0.0,0.0,https://gall.dcinside.com/mgallery/board/view/?id=minjudang&no=4935297&exception_mode=recommend&search_head=100&page=7,여조꽃 : 울산,여론조사개요는 첨부된 마지막 사진 확인바람이상 자세한 사항은 중앙선거여론조사심의위원회 홈페이지 참조
